time,geo,variable,value
2020-02-29,zrh_heub,no2,7.27
2020-02-29,zrh_heub,o3_max_h,86.84
2020-02-29,zrh_rsgrt,kbi,1
2020-02-29,zrh_rsgrt,kbi_no2,1
2020-02-29,zrh_rsgrt,kbi_o3,1
2020-02-29,zrh_rsgrt,kbi_pm10,1
2020-02-29,zrh_rsgrt,no2,40.46
2020-02-29,zrh_rsgrt,o3_max_h,67.06
2020-02-29,zrh_rsgrt,pm10,14.59
2020-02-29,zrh_schmls,kbi,1
2020-02-29,zrh_schmls,kbi_no2,1
2020-02-29,zrh_schmls,kbi_o3,1
2020-02-29,zrh_schmls,kbi_pm10,1
2020-02-29,zrh_schmls,no2,27.07
2020-02-29,zrh_schmls,o3_max_h,83.88
2020-02-29,zrh_schmls,pm10,12.75
2020-02-29,zrh_stmpf,kbi,1
2020-02-29,zrh_stmpf,kbi_no2,1
2020-02-29,zrh_stmpf,kbi_o3,1
2020-02-29,zrh_stmpf,kbi_pm10,1
2020-02-29,zrh_stmpf,no2,21.09
2020-02-29,zrh_stmpf,o3_max_h,83.76
2020-02-29,zrh_stmpf,p,954.78
2020-02-29,zrh_stmpf,pm10,9.58
2020-02-29,zrh_stmpf,t,8.96
2020-03-01,zrh_heub,no2,3.59
2020-03-01,zrh_heub,o3_max_h,91.84
2020-03-01,zrh_rsgrt,kbi,1
2020-03-01,zrh_rsgrt,kbi_no2,1
2020-03-01,zrh_rsgrt,kbi_o3,1
2020-03-01,zrh_rsgrt,kbi_pm10,1
2020-03-01,zrh_rsgrt,no2,22.74
2020-03-01,zrh_rsgrt,o3_max_h,85.13
2020-03-01,zrh_rsgrt,pm10,6.71
2020-03-01,zrh_schmls,kbi,1
2020-03-01,zrh_schmls,kbi_no2,1
2020-03-01,zrh_schmls,kbi_o3,1
2020-03-01,zrh_schmls,kbi_pm10,1
2020-03-01,zrh_schmls,no2,12.22
2020-03-01,zrh_schmls,o3_max_h,88.59
2020-03-01,zrh_schmls,pm10,4.4
2020-03-01,zrh_stmpf,kbi,2
2020-03-01,zrh_stmpf,kbi_no2,1
2020-03-01,zrh_stmpf,kbi_o3,2
2020-03-01,zrh_stmpf,kbi_pm10,1
2020-03-01,zrh_stmpf,no2,8.3
2020-03-01,zrh_stmpf,o3_max_h,90.24
2020-03-01,zrh_stmpf,p,951.99
2020-03-01,zrh_stmpf,pm10,4.22
2020-03-01,zrh_stmpf,t,8.7
2020-03-02,zrh_heub,no2,11.62
2020-03-02,zrh_heub,o3_max_h,79.8
2020-03-02,zrh_rsgrt,kbi,1
2020-03-02,zrh_rsgrt,kbi_no2,1
2020-03-02,zrh_rsgrt,kbi_o3,1
2020-03-02,zrh_rsgrt,kbi_pm10,1
2020-03-02,zrh_rsgrt,no2,42.48
2020-03-02,zrh_rsgrt,o3_max_h,69.38
2020-03-02,zrh_rsgrt,pm10,10.22
2020-03-02,zrh_schmls,kbi,1
2020-03-02,zrh_schmls,kbi_no2,1
2020-03-02,zrh_schmls,kbi_o3,1
2020-03-02,zrh_schmls,kbi_pm10,1
2020-03-02,zrh_schmls,no2,37.76
2020-03-02,zrh_schmls,o3_max_h,74.38
2020-03-02,zrh_schmls,pm10,8.49
2020-03-02,zrh_stmpf,kbi,1
2020-03-02,zrh_stmpf,kbi_no2,1
2020-03-02,zrh_stmpf,kbi_o3,1
2020-03-02,zrh_stmpf,kbi_pm10,1
2020-03-02,zrh_stmpf,no2,28.11
2020-03-02,zrh_stmpf,o3_max_h,74.25
2020-03-02,zrh_stmpf,p,943.62
2020-03-02,zrh_stmpf,pm10,5.58
2020-03-02,zrh_stmpf,t,6.19
2020-03-03,zrh_heub,no2,8.77
2020-03-03,zrh_heub,o3_max_h,83.56
2020-03-03,zrh_rsgrt,kbi,1
2020-03-03,zrh_rsgrt,kbi_no2,1
2020-03-03,zrh_rsgrt,kbi_o3,1
2020-03-03,zrh_rsgrt,kbi_pm10,1
2020-03-03,zrh_rsgrt,no2,43.37
2020-03-03,zrh_rsgrt,o3_max_h,70.58
2020-03-03,zrh_rsgrt,pm10,9.05
2020-03-03,zrh_schmls,kbi,1
2020-03-03,zrh_schmls,kbi_no2,1
2020-03-03,zrh_schmls,kbi_o3,1
2020-03-03,zrh_schmls,kbi_pm10,1
2020-03-03,zrh_schmls,no2,31
2020-03-03,zrh_schmls,o3_max_h,72.13
2020-03-03,zrh_schmls,pm10,7.25
2020-03-03,zrh_stmpf,kbi,1
2020-03-03,zrh_stmpf,kbi_no2,1
2020-03-03,zrh_stmpf,kbi_o3,1
2020-03-03,zrh_stmpf,kbi_pm10,1
2020-03-03,zrh_stmpf,no2,21.5
2020-03-03,zrh_stmpf,o3_max_h,82.01
2020-03-03,zrh_stmpf,p,954.65
2020-03-03,zrh_stmpf,pm10,5.54
2020-03-03,zrh_stmpf,t,5.51
2020-03-04,zrh_heub,no2,12.6
2020-03-04,zrh_heub,o3_max_h,78.45
2020-03-04,zrh_rsgrt,kbi,1
2020-03-04,zrh_rsgrt,kbi_no2,1
2020-03-04,zrh_rsgrt,kbi_o3,1
2020-03-04,zrh_rsgrt,kbi_pm10,1
2020-03-04,zrh_rsgrt,no2,47.69
2020-03-04,zrh_rsgrt,o3_max_h,57.51
2020-03-04,zrh_rsgrt,pm10,11.17
2020-03-04,zrh_schmls,kbi,1
2020-03-04,zrh_schmls,kbi_no2,1
2020-03-04,zrh_schmls,kbi_o3,1
2020-03-04,zrh_schmls,kbi_pm10,1
2020-03-04,zrh_schmls,no2,41.94
2020-03-04,zrh_schmls,o3_max_h,66.63
2020-03-04,zrh_schmls,pm10,9.73
2020-03-04,zrh_stmpf,kbi,1
2020-03-04,zrh_stmpf,kbi_no2,1
2020-03-04,zrh_stmpf,kbi_o3,1
2020-03-04,zrh_stmpf,kbi_pm10,1
2020-03-04,zrh_stmpf,no2,28.89
2020-03-04,zrh_stmpf,o3_max_h,72.36
2020-03-04,zrh_stmpf,p,962.3
2020-03-04,zrh_stmpf,pm10,6.85
2020-03-04,zrh_stmpf,t,5.8
2020-03-05,zrh_heub,no2,14.29
2020-03-05,zrh_heub,o3_max_h,88.99
2020-03-05,zrh_rsgrt,kbi,1
2020-03-05,zrh_rsgrt,kbi_no2,1
2020-03-05,zrh_rsgrt,kbi_o3,1
2020-03-05,zrh_rsgrt,kbi_pm10,1
2020-03-05,zrh_rsgrt,no2,56.08
2020-03-05,zrh_rsgrt,o3_max_h,67.78
2020-03-05,zrh_rsgrt,pm10,10.34
2020-03-05,zrh_schmls,kbi,1
2020-03-05,zrh_schmls,kbi_no2,1
2020-03-05,zrh_schmls,kbi_o3,1
2020-03-05,zrh_schmls,kbi_pm10,1
2020-03-05,zrh_schmls,no2,40.4
2020-03-05,zrh_schmls,o3_max_h,79.53
2020-03-05,zrh_schmls,pm10,8.15
2020-03-05,zrh_stmpf,kbi,1
2020-03-05,zrh_stmpf,kbi_no2,1
2020-03-05,zrh_stmpf,kbi_o3,1
2020-03-05,zrh_stmpf,kbi_pm10,1
2020-03-05,zrh_stmpf,no2,35.49
2020-03-05,zrh_stmpf,o3_max_h,84.15
2020-03-05,zrh_stmpf,p,950.03
2020-03-05,zrh_stmpf,pm10,6.2
2020-03-05,zrh_stmpf,t,6.03
2020-03-06,zrh_heub,no2,4.96
2020-03-06,zrh_heub,o3_max_h,82.71
2020-03-06,zrh_rsgrt,kbi,1
2020-03-06,zrh_rsgrt,kbi_no2,1
2020-03-06,zrh_rsgrt,kbi_o3,1
2020-03-06,zrh_rsgrt,kbi_pm10,1
2020-03-06,zrh_rsgrt,no2,27.39
2020-03-06,zrh_rsgrt,o3_max_h,75.89
2020-03-06,zrh_rsgrt,pm10,7.75
2020-03-06,zrh_schmls,kbi,1
2020-03-06,zrh_schmls,kbi_no2,1
2020-03-06,zrh_schmls,kbi_o3,1
2020-03-06,zrh_schmls,kbi_pm10,1
2020-03-06,zrh_schmls,no2,11.62
2020-03-06,zrh_schmls,o3_max_h,80.94
2020-03-06,zrh_schmls,pm10,5.49
2020-03-06,zrh_stmpf,kbi,1
2020-03-06,zrh_stmpf,kbi_no2,1
2020-03-06,zrh_stmpf,kbi_o3,1
2020-03-06,zrh_stmpf,kbi_pm10,1
2020-03-06,zrh_stmpf,no2,8.86
2020-03-06,zrh_stmpf,o3_max_h,81.31
2020-03-06,zrh_stmpf,p,951.53
2020-03-06,zrh_stmpf,pm10,4.88
2020-03-06,zrh_stmpf,t,6.32
2020-03-07,zrh_heub,no2,7.92
2020-03-07,zrh_heub,o3_max_h,86.86
2020-03-07,zrh_rsgrt,kbi,1
2020-03-07,zrh_rsgrt,kbi_no2,1
2020-03-07,zrh_rsgrt,kbi_o3,1
2020-03-07,zrh_rsgrt,kbi_pm10,1
2020-03-07,zrh_rsgrt,no2,41.41
2020-03-07,zrh_rsgrt,o3_max_h,66.73
2020-03-07,zrh_rsgrt,pm10,11.69
2020-03-07,zrh_schmls,kbi,1
2020-03-07,zrh_schmls,kbi_no2,1
2020-03-07,zrh_schmls,kbi_o3,1
2020-03-07,zrh_schmls,kbi_pm10,1
2020-03-07,zrh_schmls,no2,30.54
2020-03-07,zrh_schmls,o3_max_h,77.14
2020-03-07,zrh_schmls,pm10,10.27
2020-03-07,zrh_stmpf,kbi,1
2020-03-07,zrh_stmpf,kbi_no2,1
2020-03-07,zrh_stmpf,kbi_o3,1
2020-03-07,zrh_stmpf,kbi_pm10,1
2020-03-07,zrh_stmpf,no2,19.44
2020-03-07,zrh_stmpf,o3_max_h,84.69
2020-03-07,zrh_stmpf,p,967.89
2020-03-07,zrh_stmpf,pm10,7.79
2020-03-07,zrh_stmpf,t,5.28
2020-03-08,zrh_heub,no2,8.83
2020-03-08,zrh_heub,o3_max_h,88.9
2020-03-08,zrh_rsgrt,kbi,1
2020-03-08,zrh_rsgrt,kbi_no2,1
2020-03-08,zrh_rsgrt,kbi_o3,1
2020-03-08,zrh_rsgrt,kbi_pm10,1
2020-03-08,zrh_rsgrt,no2,43.8
2020-03-08,zrh_rsgrt,o3_max_h,71.94
2020-03-08,zrh_rsgrt,pm10,13.69
2020-03-08,zrh_schmls,kbi,1
2020-03-08,zrh_schmls,kbi_no2,1
2020-03-08,zrh_schmls,kbi_o3,1
2020-03-08,zrh_schmls,kbi_pm10,1
2020-03-08,zrh_schmls,no2,34.73
2020-03-08,zrh_schmls,o3_max_h,77.92
2020-03-08,zrh_schmls,pm10,10.85
2020-03-08,zrh_stmpf,kbi,1
2020-03-08,zrh_stmpf,kbi_no2,1
2020-03-08,zrh_stmpf,kbi_o3,1
2020-03-08,zrh_stmpf,kbi_pm10,1
2020-03-08,zrh_stmpf,no2,26.91
2020-03-08,zrh_stmpf,o3_max_h,84.88
2020-03-08,zrh_stmpf,p,968.68
2020-03-08,zrh_stmpf,pm10,8.83
2020-03-08,zrh_stmpf,t,5.89
2020-03-09,zrh_heub,no2,9.06
2020-03-09,zrh_heub,o3_max_h,78.64
2020-03-09,zrh_rsgrt,kbi,1
2020-03-09,zrh_rsgrt,kbi_no2,1
2020-03-09,zrh_rsgrt,kbi_o3,1
2020-03-09,zrh_rsgrt,kbi_pm10,1
2020-03-09,zrh_rsgrt,no2,43.19
2020-03-09,zrh_rsgrt,o3_max_h,66.36
2020-03-09,zrh_rsgrt,pm10,8.57
2020-03-09,zrh_schmls,kbi,1
2020-03-09,zrh_schmls,kbi_no2,1
2020-03-09,zrh_schmls,kbi_o3,1
2020-03-09,zrh_schmls,kbi_pm10,1
2020-03-09,zrh_schmls,no2,26.31
2020-03-09,zrh_schmls,o3_max_h,75.9
2020-03-09,zrh_schmls,pm10,6.46
2020-03-09,zrh_stmpf,kbi,1
2020-03-09,zrh_stmpf,kbi_no2,1
2020-03-09,zrh_stmpf,kbi_o3,1
2020-03-09,zrh_stmpf,kbi_pm10,1
2020-03-09,zrh_stmpf,no2,17.36
2020-03-09,zrh_stmpf,o3_max_h,77.73
2020-03-09,zrh_stmpf,p,966.1
2020-03-09,zrh_stmpf,pm10,5.37
2020-03-09,zrh_stmpf,t,6.61
2020-03-10,zrh_heub,no2,9.82
2020-03-10,zrh_heub,o3_max_h,71.57
2020-03-10,zrh_rsgrt,kbi,1
2020-03-10,zrh_rsgrt,kbi_no2,1
2020-03-10,zrh_rsgrt,kbi_o3,1
2020-03-10,zrh_rsgrt,kbi_pm10,1
2020-03-10,zrh_rsgrt,no2,41.52
2020-03-10,zrh_rsgrt,o3_max_h,57.64
2020-03-10,zrh_rsgrt,pm10,8.47
2020-03-10,zrh_schmls,kbi,1
2020-03-10,zrh_schmls,kbi_no2,1
2020-03-10,zrh_schmls,kbi_o3,1
2020-03-10,zrh_schmls,kbi_pm10,1
2020-03-10,zrh_schmls,no2,27.06
2020-03-10,zrh_schmls,o3_max_h,69.91
2020-03-10,zrh_schmls,pm10,6.46
2020-03-10,zrh_stmpf,kbi,1
2020-03-10,zrh_stmpf,kbi_no2,1
2020-03-10,zrh_stmpf,kbi_o3,1
2020-03-10,zrh_stmpf,kbi_pm10,1
2020-03-10,zrh_stmpf,no2,18.14
2020-03-10,zrh_stmpf,o3_max_h,68.07
2020-03-10,zrh_stmpf,p,968.24
2020-03-10,zrh_stmpf,pm10,5.44
2020-03-10,zrh_stmpf,t,5.95
2020-03-11,zrh_heub,no2,7.04
2020-03-11,zrh_heub,o3_max_h,66.13
2020-03-11,zrh_rsgrt,kbi,1
2020-03-11,zrh_rsgrt,kbi_no2,1
2020-03-11,zrh_rsgrt,kbi_o3,1
2020-03-11,zrh_rsgrt,kbi_pm10,1
2020-03-11,zrh_rsgrt,no2,34.49
2020-03-11,zrh_rsgrt,o3_max_h,49.99
2020-03-11,zrh_rsgrt,pm10,9.26
2020-03-11,zrh_schmls,kbi,1
2020-03-11,zrh_schmls,kbi_no2,1
2020-03-11,zrh_schmls,kbi_o3,1
2020-03-11,zrh_schmls,kbi_pm10,1
2020-03-11,zrh_schmls,no2,20.41
2020-03-11,zrh_schmls,o3_max_h,60.12
2020-03-11,zrh_schmls,pm10,6.93
2020-03-11,zrh_stmpf,kbi_no2,1
2020-03-11,zrh_stmpf,kbi_pm10,1
2020-03-11,zrh_stmpf,no2,11.05
2020-03-11,zrh_stmpf,p,969.77
2020-03-11,zrh_stmpf,pm10,5.27
2020-03-11,zrh_stmpf,t,12.77
2020-03-12,zrh_heub,no2,7.46
2020-03-12,zrh_heub,o3_max_h,84.21
2020-03-12,zrh_rsgrt,kbi,1
2020-03-12,zrh_rsgrt,kbi_no2,1
2020-03-12,zrh_rsgrt,kbi_o3,1
2020-03-12,zrh_rsgrt,kbi_pm10,1
2020-03-12,zrh_rsgrt,no2,34.31
2020-03-12,zrh_rsgrt,o3_max_h,80.32
2020-03-12,zrh_rsgrt,pm10,10.9
2020-03-12,zrh_schmls,kbi,1
2020-03-12,zrh_schmls,kbi_no2,1
2020-03-12,zrh_schmls,kbi_o3,1
2020-03-12,zrh_schmls,kbi_pm10,1
2020-03-12,zrh_schmls,no2,28.37
2020-03-12,zrh_schmls,o3_max_h,80.14
2020-03-12,zrh_schmls,pm10,9.65
2020-03-13,zrh_heub,no2,8.06
2020-03-13,zrh_heub,o3_max_h,86.33
2020-03-13,zrh_rsgrt,kbi,1
2020-03-13,zrh_rsgrt,kbi_no2,1
2020-03-13,zrh_rsgrt,kbi_o3,1
2020-03-13,zrh_rsgrt,kbi_pm10,1
2020-03-13,zrh_rsgrt,no2,37.86
2020-03-13,zrh_rsgrt,o3_max_h,83.28
2020-03-13,zrh_rsgrt,pm10,11.23
2020-03-13,zrh_schmls,kbi,1
2020-03-13,zrh_schmls,kbi_no2,1
2020-03-13,zrh_schmls,kbi_o3,1
2020-03-13,zrh_schmls,kbi_pm10,1
2020-03-13,zrh_schmls,no2,28.36
2020-03-13,zrh_schmls,o3_max_h,84.61
2020-03-13,zrh_schmls,pm10,9.44
2020-03-13,zrh_stmpf,kbi,1
2020-03-13,zrh_stmpf,kbi_no2,1
2020-03-13,zrh_stmpf,kbi_o3,1
2020-03-13,zrh_stmpf,kbi_pm10,1
2020-03-13,zrh_stmpf,no2,18.68
2020-03-13,zrh_stmpf,o3_max_h,88.19
2020-03-13,zrh_stmpf,p,970
2020-03-13,zrh_stmpf,pm10,7.27
2020-03-13,zrh_stmpf,t,9.01
2020-03-14,zrh_heub,no2,11.43
2020-03-14,zrh_heub,o3_max_h,74.83
2020-03-14,zrh_rsgrt,kbi,1
2020-03-14,zrh_rsgrt,kbi_no2,1
2020-03-14,zrh_rsgrt,kbi_o3,1
2020-03-14,zrh_rsgrt,kbi_pm10,1
2020-03-14,zrh_rsgrt,no2,36.72
2020-03-14,zrh_rsgrt,o3_max_h,66.75
2020-03-14,zrh_rsgrt,pm10,13.35
2020-03-14,zrh_schmls,kbi,1
2020-03-14,zrh_schmls,kbi_no2,1
2020-03-14,zrh_schmls,kbi_o3,1
2020-03-14,zrh_schmls,kbi_pm10,1
2020-03-14,zrh_schmls,no2,37.91
2020-03-14,zrh_schmls,o3_max_h,65.32
2020-03-14,zrh_schmls,pm10,12.6
2020-03-14,zrh_stmpf,kbi,1
2020-03-14,zrh_stmpf,kbi_no2,1
2020-03-14,zrh_stmpf,kbi_o3,1
2020-03-14,zrh_stmpf,kbi_pm10,1
2020-03-14,zrh_stmpf,no2,29.69
2020-03-14,zrh_stmpf,o3_max_h,76.63
2020-03-14,zrh_stmpf,p,969.89
2020-03-14,zrh_stmpf,pm10,9.24
2020-03-14,zrh_stmpf,t,6.99
2020-03-15,zrh_heub,no2,6.4
2020-03-15,zrh_heub,o3_max_h,90.3
2020-03-15,zrh_rsgrt,kbi,1
2020-03-15,zrh_rsgrt,kbi_no2,1
2020-03-15,zrh_rsgrt,kbi_o3,1
2020-03-15,zrh_rsgrt,kbi_pm10,1
2020-03-15,zrh_rsgrt,no2,40.82
2020-03-15,zrh_rsgrt,o3_max_h,72.84
2020-03-15,zrh_rsgrt,pm10,16.55
2020-03-15,zrh_schmls,kbi,1
2020-03-15,zrh_schmls,kbi_no2,1
2020-03-15,zrh_schmls,kbi_o3,1
2020-03-15,zrh_schmls,kbi_pm10,1
2020-03-15,zrh_schmls,no2,36.57
2020-03-15,zrh_schmls,o3_max_h,78.53
2020-03-15,zrh_schmls,pm10,14.11
2020-03-15,zrh_stmpf,kbi,1
2020-03-15,zrh_stmpf,kbi_no2,1
2020-03-15,zrh_stmpf,kbi_o3,1
2020-03-15,zrh_stmpf,kbi_pm10,1
2020-03-15,zrh_stmpf,no2,30.84
2020-03-15,zrh_stmpf,o3_max_h,86.78
2020-03-15,zrh_stmpf,p,967.2
2020-03-15,zrh_stmpf,pm10,10.36
2020-03-15,zrh_stmpf,t,8.28
2020-03-16,zrh_heub,no2,12.56
2020-03-16,zrh_heub,o3_max_h,86.5
2020-03-16,zrh_rsgrt,kbi,2
2020-03-16,zrh_rsgrt,kbi_no2,2
2020-03-16,zrh_rsgrt,kbi_o3,1
2020-03-16,zrh_rsgrt,kbi_pm10,1
2020-03-16,zrh_rsgrt,no2,61.62
2020-03-16,zrh_rsgrt,o3_max_h,59.96
2020-03-16,zrh_rsgrt,pm10,17.84
2020-03-16,zrh_schmls,kbi,1
2020-03-16,zrh_schmls,kbi_no2,1
2020-03-16,zrh_schmls,kbi_o3,1
2020-03-16,zrh_schmls,kbi_pm10,1
2020-03-16,zrh_schmls,no2,52.52
2020-03-16,zrh_schmls,o3_max_h,69.48
2020-03-16,zrh_schmls,pm10,16.38
2020-03-16,zrh_stmpf,kbi,1
2020-03-16,zrh_stmpf,kbi_no2,1
2020-03-16,zrh_stmpf,kbi_o3,1
2020-03-16,zrh_stmpf,kbi_pm10,1
2020-03-16,zrh_stmpf,no2,48.73
2020-03-16,zrh_stmpf,o3_max_h,77.32
2020-03-16,zrh_stmpf,p,969.78
2020-03-16,zrh_stmpf,pm10,11.09
2020-03-16,zrh_stmpf,t,10.97
2020-03-17,zrh_heub,no2,10.31
2020-03-17,zrh_heub,o3_max_h,88.14
2020-03-17,zrh_rsgrt,kbi,1
2020-03-17,zrh_rsgrt,kbi_no2,1
2020-03-17,zrh_rsgrt,kbi_o3,1
2020-03-17,zrh_rsgrt,kbi_pm10,1
2020-03-17,zrh_rsgrt,no2,49.69
2020-03-17,zrh_rsgrt,o3_max_h,66.5
2020-03-17,zrh_rsgrt,pm10,18.67
2020-03-17,zrh_schmls,kbi,1
2020-03-17,zrh_schmls,kbi_no2,1
2020-03-17,zrh_schmls,kbi_o3,1
2020-03-17,zrh_schmls,kbi_pm10,1
2020-03-17,zrh_schmls,no2,46.82
2020-03-17,zrh_schmls,o3_max_h,73.98
2020-03-17,zrh_schmls,pm10,18.19
2020-03-17,zrh_stmpf,kbi,1
2020-03-17,zrh_stmpf,kbi_no2,1
2020-03-17,zrh_stmpf,kbi_o3,1
2020-03-17,zrh_stmpf,kbi_pm10,1
2020-03-17,zrh_stmpf,no2,32
2020-03-17,zrh_stmpf,o3_max_h,84.81
2020-03-17,zrh_stmpf,p,978.06
2020-03-17,zrh_stmpf,pm10,12.6
2020-03-17,zrh_stmpf,t,12.21
2020-03-18,zrh_heub,no2,10.24
2020-03-18,zrh_heub,o3_max_h,99.31
2020-03-18,zrh_rsgrt,kbi,1
2020-03-18,zrh_rsgrt,kbi_no2,1
2020-03-18,zrh_rsgrt,kbi_o3,1
2020-03-18,zrh_rsgrt,kbi_pm10,1
2020-03-18,zrh_rsgrt,no2,51
2020-03-18,zrh_rsgrt,o3_max_h,76.18
2020-03-18,zrh_rsgrt,pm10,24.1
2020-03-18,zrh_schmls,kbi,1
2020-03-18,zrh_schmls,kbi_no2,1
2020-03-18,zrh_schmls,kbi_o3,1
2020-03-18,zrh_schmls,kbi_pm10,1
2020-03-18,zrh_schmls,no2,51.03
2020-03-18,zrh_schmls,o3_max_h,79.49
2020-03-18,zrh_schmls,pm10,25.02
2020-03-18,zrh_stmpf,kbi,1
2020-03-18,zrh_stmpf,kbi_no2,1
2020-03-18,zrh_stmpf,kbi_o3,1
2020-03-18,zrh_stmpf,kbi_pm10,1
2020-03-18,zrh_stmpf,no2,37.34
2020-03-18,zrh_stmpf,o3_max_h,86.45
2020-03-18,zrh_stmpf,p,976.18
2020-03-18,zrh_stmpf,pm10,21.28
2020-03-18,zrh_stmpf,t,12.67
2020-03-19,zrh_heub,no2,16.63
2020-03-19,zrh_heub,o3_max_h,97.59
2020-03-19,zrh_rsgrt,kbi,1
2020-03-19,zrh_rsgrt,kbi_no2,1
2020-03-19,zrh_rsgrt,kbi_o3,1
2020-03-19,zrh_rsgrt,kbi_pm10,1
2020-03-19,zrh_rsgrt,no2,56.82
2020-03-19,zrh_rsgrt,o3_max_h,76.16
2020-03-19,zrh_rsgrt,pm10,33.13
2020-03-19,zrh_schmls,kbi,1
2020-03-19,zrh_schmls,kbi_no2,1
2020-03-19,zrh_schmls,kbi_o3,1
2020-03-19,zrh_schmls,kbi_pm10,1
2020-03-19,zrh_schmls,no2,50.72
2020-03-19,zrh_schmls,o3_max_h,77.26
2020-03-19,zrh_schmls,pm10,32.36
2020-03-19,zrh_stmpf,kbi,1
2020-03-19,zrh_stmpf,kbi_no2,1
2020-03-19,zrh_stmpf,kbi_o3,1
2020-03-19,zrh_stmpf,kbi_pm10,1
2020-03-19,zrh_stmpf,no2,42.28
2020-03-19,zrh_stmpf,o3_max_h,87.12
2020-03-19,zrh_stmpf,p,972.3
2020-03-19,zrh_stmpf,pm10,28.94
2020-03-19,zrh_stmpf,t,13.51
2020-03-20,zrh_heub,no2,11.57
2020-03-20,zrh_heub,o3_max_h,104.77
2020-03-20,zrh_rsgrt,kbi,1
2020-03-20,zrh_rsgrt,kbi_no2,1
2020-03-20,zrh_rsgrt,kbi_o3,1
2020-03-20,zrh_rsgrt,kbi_pm10,1
2020-03-20,zrh_rsgrt,no2,43.34
2020-03-20,zrh_rsgrt,o3_max_h,87.94
2020-03-20,zrh_rsgrt,pm10,31.31
2020-03-20,zrh_schmls,kbi,2
2020-03-20,zrh_schmls,kbi_no2,1
2020-03-20,zrh_schmls,kbi_o3,2
2020-03-20,zrh_schmls,kbi_pm10,1
2020-03-20,zrh_schmls,no2,39.16
2020-03-20,zrh_schmls,o3_max_h,94.08
2020-03-20,zrh_schmls,pm10,31.74
2020-03-20,zrh_stmpf,kbi,2
2020-03-20,zrh_stmpf,kbi_no2,1
2020-03-20,zrh_stmpf,kbi_o3,2
2020-03-20,zrh_stmpf,kbi_pm10,1
2020-03-20,zrh_stmpf,no2,30.05
2020-03-20,zrh_stmpf,o3_max_h,94.99
2020-03-20,zrh_stmpf,p,968.93
2020-03-20,zrh_stmpf,pm10,29.17
2020-03-20,zrh_stmpf,t,13.57
2020-03-21,zrh_heub,no2,6.29
2020-03-21,zrh_heub,o3_max_h,90.01
2020-03-21,zrh_rsgrt,kbi,1
2020-03-21,zrh_rsgrt,kbi_no2,1
2020-03-21,zrh_rsgrt,kbi_o3,1
2020-03-21,zrh_rsgrt,kbi_pm10,1
2020-03-21,zrh_rsgrt,no2,19.42
2020-03-21,zrh_rsgrt,o3_max_h,84.14
2020-03-21,zrh_rsgrt,pm10,14.65
2020-03-21,zrh_schmls,kbi,1
2020-03-21,zrh_schmls,kbi_no2,1
2020-03-21,zrh_schmls,kbi_o3,1
2020-03-21,zrh_schmls,kbi_pm10,1
2020-03-21,zrh_schmls,no2,18.08
2020-03-21,zrh_schmls,o3_max_h,83.03
2020-03-21,zrh_schmls,pm10,13.55
2020-03-21,zrh_stmpf,kbi,1
2020-03-21,zrh_stmpf,kbi_no2,1
2020-03-21,zrh_stmpf,kbi_o3,1
2020-03-21,zrh_stmpf,kbi_pm10,1
2020-03-21,zrh_stmpf,no2,12.65
2020-03-21,zrh_stmpf,o3_max_h,87.87
2020-03-21,zrh_stmpf,p,966.77
2020-03-21,zrh_stmpf,pm10,12.71
2020-03-21,zrh_stmpf,t,8.3
2020-03-22,zrh_heub,no2,3.63
2020-03-22,zrh_heub,o3_max_h,77.15
2020-03-22,zrh_rsgrt,kbi,1
2020-03-22,zrh_rsgrt,kbi_no2,1
2020-03-22,zrh_rsgrt,kbi_o3,1
2020-03-22,zrh_rsgrt,kbi_pm10,1
2020-03-22,zrh_rsgrt,no2,9.36
2020-03-22,zrh_rsgrt,o3_max_h,73.07
2020-03-22,zrh_rsgrt,pm10,13.47
2020-03-22,zrh_schmls,kbi,1
2020-03-22,zrh_schmls,kbi_no2,1
2020-03-22,zrh_schmls,kbi_o3,1
2020-03-22,zrh_schmls,kbi_pm10,1
2020-03-22,zrh_schmls,no2,9.64
2020-03-22,zrh_schmls,o3_max_h,75.33
2020-03-22,zrh_schmls,pm10,12.11
2020-03-22,zrh_stmpf,kbi,1
2020-03-22,zrh_stmpf,kbi_no2,1
2020-03-22,zrh_stmpf,kbi_o3,1
2020-03-22,zrh_stmpf,kbi_pm10,1
2020-03-22,zrh_stmpf,no2,6.43
2020-03-22,zrh_stmpf,o3_max_h,74.73
2020-03-22,zrh_stmpf,p,970.79
2020-03-22,zrh_stmpf,pm10,11.74
2020-03-22,zrh_stmpf,t,4.64
2020-03-23,zrh_heub,no2,4.62
2020-03-23,zrh_heub,o3_max_h,83.65
2020-03-23,zrh_rsgrt,kbi,1
2020-03-23,zrh_rsgrt,kbi_no2,1
2020-03-23,zrh_rsgrt,kbi_o3,1
2020-03-23,zrh_rsgrt,kbi_pm10,1
2020-03-23,zrh_rsgrt,no2,21.72
2020-03-23,zrh_rsgrt,o3_max_h,73.65
2020-03-23,zrh_rsgrt,pm10,13.74
2020-03-23,zrh_schmls,kbi,1
2020-03-23,zrh_schmls,kbi_no2,1
2020-03-23,zrh_schmls,kbi_o3,1
2020-03-23,zrh_schmls,kbi_pm10,1
2020-03-23,zrh_schmls,no2,17.33
2020-03-23,zrh_schmls,o3_max_h,74.33
2020-03-23,zrh_schmls,pm10,12.1
2020-03-23,zrh_stmpf,kbi,1
2020-03-23,zrh_stmpf,kbi_no2,1
2020-03-23,zrh_stmpf,kbi_o3,1
2020-03-23,zrh_stmpf,kbi_pm10,1
2020-03-23,zrh_stmpf,no2,11.68
2020-03-23,zrh_stmpf,o3_max_h,78.88
2020-03-23,zrh_stmpf,p,975.69
2020-03-23,zrh_stmpf,pm10,11.9
2020-03-23,zrh_stmpf,t,2.75
2020-03-24,zrh_heub,no2,8.19
2020-03-24,zrh_heub,o3_max_h,82.33
2020-03-24,zrh_rsgrt,kbi,1
2020-03-24,zrh_rsgrt,kbi_no2,1
2020-03-24,zrh_rsgrt,kbi_o3,1
2020-03-24,zrh_rsgrt,kbi_pm10,1
2020-03-24,zrh_rsgrt,no2,22.75
2020-03-24,zrh_rsgrt,o3_max_h,78.37
2020-03-24,zrh_rsgrt,pm10,20.33
2020-03-24,zrh_schmls,kbi,1
2020-03-24,zrh_schmls,kbi_no2,1
2020-03-24,zrh_schmls,kbi_o3,1
2020-03-24,zrh_schmls,kbi_pm10,1
2020-03-24,zrh_schmls,no2,20.72
2020-03-24,zrh_schmls,o3_max_h,76.53
2020-03-24,zrh_schmls,pm10,20.02
2020-03-24,zrh_stmpf,kbi,1
2020-03-24,zrh_stmpf,kbi_no2,1
2020-03-24,zrh_stmpf,kbi_o3,1
2020-03-24,zrh_stmpf,kbi_pm10,1
2020-03-24,zrh_stmpf,no2,15.16
2020-03-24,zrh_stmpf,o3_max_h,78.54
2020-03-24,zrh_stmpf,p,973.98
2020-03-24,zrh_stmpf,pm10,19.08
2020-03-24,zrh_stmpf,t,3
2020-03-25,zrh_heub,no2,8.05
2020-03-25,zrh_heub,o3_max_h,89.93
2020-03-25,zrh_rsgrt,kbi,1
2020-03-25,zrh_rsgrt,kbi_no2,1
2020-03-25,zrh_rsgrt,kbi_o3,1
2020-03-25,zrh_rsgrt,kbi_pm10,1
2020-03-25,zrh_rsgrt,no2,23.83
2020-03-25,zrh_rsgrt,o3_max_h,79.87
2020-03-25,zrh_rsgrt,pm10,25.95
2020-03-25,zrh_schmls,kbi,1
2020-03-25,zrh_schmls,kbi_no2,1
2020-03-25,zrh_schmls,kbi_o3,1
2020-03-25,zrh_schmls,kbi_pm10,1
2020-03-25,zrh_schmls,no2,22.22
2020-03-25,zrh_schmls,o3_max_h,81.04
2020-03-25,zrh_schmls,pm10,26.3
2020-03-25,zrh_stmpf,kbi,1
2020-03-25,zrh_stmpf,kbi_no2,1
2020-03-25,zrh_stmpf,kbi_o3,1
2020-03-25,zrh_stmpf,kbi_pm10,1
2020-03-25,zrh_stmpf,no2,16.4
2020-03-25,zrh_stmpf,o3_max_h,84.37
2020-03-25,zrh_stmpf,p,968
2020-03-25,zrh_stmpf,pm10,24.63
2020-03-25,zrh_stmpf,t,3.37
2020-03-26,zrh_heub,no2,11.21
2020-03-26,zrh_heub,o3_max_h,71.47
2020-03-26,zrh_rsgrt,kbi,1
2020-03-26,zrh_rsgrt,kbi_no2,1
2020-03-26,zrh_rsgrt,kbi_o3,1
2020-03-26,zrh_rsgrt,kbi_pm10,1
2020-03-26,zrh_rsgrt,no2,33.47
2020-03-26,zrh_rsgrt,o3_max_h,71.07
2020-03-26,zrh_rsgrt,pm10,25.99
2020-03-26,zrh_schmls,kbi,1
2020-03-26,zrh_schmls,kbi_no2,1
2020-03-26,zrh_schmls,kbi_o3,1
2020-03-26,zrh_schmls,kbi_pm10,1
2020-03-26,zrh_schmls,no2,34.09
2020-03-26,zrh_schmls,o3_max_h,67.8
2020-03-26,zrh_schmls,pm10,26.18
2020-03-26,zrh_stmpf,kbi,1
2020-03-26,zrh_stmpf,kbi_no2,1
2020-03-26,zrh_stmpf,kbi_o3,1
2020-03-26,zrh_stmpf,kbi_pm10,1
2020-03-26,zrh_stmpf,no2,24.27
2020-03-26,zrh_stmpf,o3_max_h,71.16
2020-03-26,zrh_stmpf,p,963.46
2020-03-26,zrh_stmpf,pm10,24.15
2020-03-26,zrh_stmpf,t,2.89
2020-03-27,zrh_heub,no2,17.34
2020-03-27,zrh_heub,o3_max_h,79.68
2020-03-27,zrh_rsgrt,kbi,1
2020-03-27,zrh_rsgrt,kbi_no2,1
2020-03-27,zrh_rsgrt,kbi_o3,1
2020-03-27,zrh_rsgrt,kbi_pm10,1
2020-03-27,zrh_rsgrt,no2,52.92
2020-03-27,zrh_rsgrt,o3_max_h,62.71
2020-03-27,zrh_rsgrt,pm10,34.29
2020-03-27,zrh_schmls,kbi,1
2020-03-27,zrh_schmls,kbi_no2,1
2020-03-27,zrh_schmls,kbi_o3,1
2020-03-27,zrh_schmls,kbi_pm10,1
2020-03-27,zrh_schmls,no2,52.54
2020-03-27,zrh_schmls,o3_max_h,58.64
2020-03-27,zrh_schmls,pm10,33.66
2020-03-27,zrh_stmpf,kbi,1
2020-03-27,zrh_stmpf,kbi_no2,1
2020-03-27,zrh_stmpf,kbi_o3,1
2020-03-27,zrh_stmpf,kbi_pm10,1
2020-03-27,zrh_stmpf,no2,43.26
2020-03-27,zrh_stmpf,o3_max_h,71.04
2020-03-27,zrh_stmpf,p,963.43
2020-03-27,zrh_stmpf,pm10,30.87
2020-03-27,zrh_stmpf,t,6.61
2020-03-28,zrh_heub,no2,11.12
2020-03-28,zrh_heub,o3_max_h,103.6
2020-03-28,zrh_rsgrt,kbi,3
2020-03-28,zrh_rsgrt,kbi_no2,1
2020-03-28,zrh_rsgrt,kbi_o3,2
2020-03-28,zrh_rsgrt,kbi_pm10,3
2020-03-28,zrh_rsgrt,no2,41.56
2020-03-28,zrh_rsgrt,o3_max_h,92.87
2020-03-28,zrh_rsgrt,pm10,58.14
2020-03-28,zrh_schmls,kbi,3
2020-03-28,zrh_schmls,kbi_no2,1
2020-03-28,zrh_schmls,kbi_o3,2
2020-03-28,zrh_schmls,kbi_pm10,3
2020-03-28,zrh_schmls,no2,42.94
2020-03-28,zrh_schmls,o3_max_h,92.44
2020-03-28,zrh_schmls,pm10,56.43
2020-03-28,zrh_stmpf,kbi,3
2020-03-28,zrh_stmpf,kbi_no2,1
2020-03-28,zrh_stmpf,kbi_o3,2
2020-03-28,zrh_stmpf,kbi_pm10,3
2020-03-28,zrh_stmpf,no2,33.34
2020-03-28,zrh_stmpf,o3_max_h,96.72
2020-03-28,zrh_stmpf,p,965.28
2020-03-28,zrh_stmpf,pm10,52.66
2020-03-28,zrh_stmpf,t,10.31
2020-03-29,zrh_heub,no2,8.22
2020-03-29,zrh_heub,o3_max_h,84.15
2020-03-29,zrh_rsgrt,kbi,1
2020-03-29,zrh_rsgrt,kbi_no2,1
2020-03-29,zrh_rsgrt,kbi_o3,1
2020-03-29,zrh_rsgrt,kbi_pm10,1
2020-03-29,zrh_rsgrt,no2,22.38
2020-03-29,zrh_rsgrt,o3_max_h,74.52
2020-03-29,zrh_rsgrt,pm10,33.23
2020-03-29,zrh_schmls,kbi,1
2020-03-29,zrh_schmls,kbi_no2,1
2020-03-29,zrh_schmls,kbi_o3,1
2020-03-29,zrh_schmls,kbi_pm10,1
2020-03-29,zrh_schmls,no2,23.84
2020-03-29,zrh_schmls,o3_max_h,75.04
2020-03-29,zrh_schmls,pm10,33.23
2020-03-29,zrh_stmpf,kbi,1
2020-03-29,zrh_stmpf,kbi_no2,1
2020-03-29,zrh_stmpf,kbi_o3,1
2020-03-29,zrh_stmpf,kbi_pm10,1
2020-03-29,zrh_stmpf,no2,17.75
2020-03-29,zrh_stmpf,o3_max_h,77
2020-03-29,zrh_stmpf,p,967.02
2020-03-29,zrh_stmpf,pm10,30.84
2020-03-29,zrh_stmpf,t,6.31
2020-03-30,zrh_heub,no2,6.37
2020-03-30,zrh_heub,o3_max_h,71.08
2020-03-30,zrh_rsgrt,kbi,1
2020-03-30,zrh_rsgrt,kbi_no2,1
2020-03-30,zrh_rsgrt,kbi_o3,1
2020-03-30,zrh_rsgrt,kbi_pm10,1
2020-03-30,zrh_rsgrt,no2,23.93
2020-03-30,zrh_rsgrt,o3_max_h,67.87
2020-03-30,zrh_rsgrt,pm10,11.91
2020-03-30,zrh_schmls,kbi,1
2020-03-30,zrh_schmls,kbi_no2,1
2020-03-30,zrh_schmls,kbi_o3,1
2020-03-30,zrh_schmls,kbi_pm10,1
2020-03-30,zrh_schmls,no2,21.21
2020-03-30,zrh_schmls,o3_max_h,62.37
2020-03-30,zrh_schmls,pm10,10.33
2020-03-30,zrh_stmpf,kbi,1
2020-03-30,zrh_stmpf,kbi_no2,1
2020-03-30,zrh_stmpf,kbi_o3,1
2020-03-30,zrh_stmpf,kbi_pm10,1
2020-03-30,zrh_stmpf,no2,15.42
2020-03-30,zrh_stmpf,o3_max_h,65.35
2020-03-30,zrh_stmpf,p,970.83
2020-03-30,zrh_stmpf,pm10,9.73
2020-03-30,zrh_stmpf,t,2.37
2020-03-31,zrh_heub,no2,7.94
2020-03-31,zrh_heub,o3_max_h,94.21
2020-03-31,zrh_rsgrt,kbi,1
2020-03-31,zrh_rsgrt,kbi_no2,1
2020-03-31,zrh_rsgrt,kbi_o3,1
2020-03-31,zrh_rsgrt,kbi_pm10,1
2020-03-31,zrh_rsgrt,no2,28.53
2020-03-31,zrh_rsgrt,o3_max_h,83.07
2020-03-31,zrh_rsgrt,pm10,14.39
2020-03-31,zrh_schmls,kbi,1
2020-03-31,zrh_schmls,kbi_no2,1
2020-03-31,zrh_schmls,kbi_o3,1
2020-03-31,zrh_schmls,kbi_pm10,1
2020-03-31,zrh_schmls,no2,28.26
2020-03-31,zrh_schmls,o3_max_h,81.61
2020-03-31,zrh_schmls,pm10,13.5
2020-03-31,zrh_stmpf,kbi,1
2020-03-31,zrh_stmpf,kbi_no2,1
2020-03-31,zrh_stmpf,kbi_o3,1
2020-03-31,zrh_stmpf,kbi_pm10,1
2020-03-31,zrh_stmpf,no2,19.43
2020-03-31,zrh_stmpf,o3_max_h,86.93
2020-03-31,zrh_stmpf,p,971.83
2020-03-31,zrh_stmpf,pm10,12.42
2020-03-31,zrh_stmpf,t,3.98
2020-04-01,zrh_heub,no2,10.59
2020-04-01,zrh_heub,o3_max_h,95.7
2020-04-01,zrh_rsgrt,kbi,1
2020-04-01,zrh_rsgrt,kbi_no2,1
2020-04-01,zrh_rsgrt,kbi_o3,1
2020-04-01,zrh_rsgrt,kbi_pm10,1
2020-04-01,zrh_rsgrt,no2,41.93
2020-04-01,zrh_rsgrt,o3_max_h,81.79
2020-04-01,zrh_rsgrt,pm10,20.43
2020-04-01,zrh_schmls,kbi,1
2020-04-01,zrh_schmls,kbi_no2,1
2020-04-01,zrh_schmls,kbi_o3,1
2020-04-01,zrh_schmls,kbi_pm10,1
2020-04-01,zrh_schmls,no2,44.41
2020-04-01,zrh_schmls,o3_max_h,75.77
2020-04-01,zrh_schmls,pm10,20.82
2020-04-01,zrh_stmpf,kbi,1
2020-04-01,zrh_stmpf,kbi_no2,1
2020-04-01,zrh_stmpf,kbi_o3,1
2020-04-01,zrh_stmpf,kbi_pm10,1
2020-04-01,zrh_stmpf,no2,28.91
2020-04-01,zrh_stmpf,o3_max_h,88.18
2020-04-01,zrh_stmpf,p,967.05
2020-04-01,zrh_stmpf,pm10,18.71
2020-04-01,zrh_stmpf,t,5.46
2020-04-02,zrh_heub,no2,15.65
2020-04-02,zrh_heub,o3_max_h,107.35
2020-04-02,zrh_rsgrt,kbi,2
2020-04-02,zrh_rsgrt,kbi_no2,1
2020-04-02,zrh_rsgrt,kbi_o3,2
2020-04-02,zrh_rsgrt,kbi_pm10,1
2020-04-02,zrh_rsgrt,no2,52.6
2020-04-02,zrh_rsgrt,o3_max_h,92.56
2020-04-02,zrh_rsgrt,pm10,24.94
2020-04-02,zrh_schmls,kbi,2
2020-04-02,zrh_schmls,kbi_no2,1
2020-04-02,zrh_schmls,kbi_o3,2
2020-04-02,zrh_schmls,kbi_pm10,1
2020-04-02,zrh_schmls,no2,53.34
2020-04-02,zrh_schmls,o3_max_h,98.21
2020-04-02,zrh_schmls,pm10,25.15
2020-04-02,zrh_stmpf,kbi,2
2020-04-02,zrh_stmpf,kbi_no2,1
2020-04-02,zrh_stmpf,kbi_o3,2
2020-04-02,zrh_stmpf,kbi_pm10,1
2020-04-02,zrh_stmpf,no2,38.12
2020-04-02,zrh_stmpf,o3_max_h,106.3
2020-04-02,zrh_stmpf,p,961.78
2020-04-02,zrh_stmpf,pm10,23.42
2020-04-02,zrh_stmpf,t,8.22
2020-04-03,zrh_heub,no2,8.02
2020-04-03,zrh_heub,o3_max_h,109.22
2020-04-03,zrh_rsgrt,kbi,2
2020-04-03,zrh_rsgrt,kbi_no2,1
2020-04-03,zrh_rsgrt,kbi_o3,2
2020-04-03,zrh_rsgrt,kbi_pm10,1
2020-04-03,zrh_rsgrt,no2,38.51
2020-04-03,zrh_rsgrt,o3_max_h,91.26
2020-04-03,zrh_rsgrt,pm10,23.34
2020-04-03,zrh_schmls,kbi,2
2020-04-03,zrh_schmls,kbi_no2,1
2020-04-03,zrh_schmls,kbi_o3,2
2020-04-03,zrh_schmls,kbi_pm10,1
2020-04-03,zrh_schmls,no2,40.61
2020-04-03,zrh_schmls,o3_max_h,91.7
2020-04-03,zrh_schmls,pm10,24.01
2020-04-03,zrh_stmpf,kbi,2
2020-04-03,zrh_stmpf,kbi_no2,1
2020-04-03,zrh_stmpf,kbi_o3,2
2020-04-03,zrh_stmpf,kbi_pm10,1
2020-04-03,zrh_stmpf,no2,22.96
2020-04-03,zrh_stmpf,o3_max_h,108.01
2020-04-03,zrh_stmpf,p,965.4
2020-04-03,zrh_stmpf,pm10,21.89
2020-04-03,zrh_stmpf,t,9.62
2020-04-04,zrh_heub,no2,6.64
2020-04-04,zrh_heub,o3_max_h,114.73
2020-04-04,zrh_rsgrt,kbi,2
2020-04-04,zrh_rsgrt,kbi_no2,1
2020-04-04,zrh_rsgrt,kbi_o3,2
2020-04-04,zrh_rsgrt,kbi_pm10,1
2020-04-04,zrh_rsgrt,no2,25.85
2020-04-04,zrh_rsgrt,o3_max_h,108.01
2020-04-04,zrh_rsgrt,pm10,20.62
2020-04-04,zrh_schmls,kbi,2
2020-04-04,zrh_schmls,kbi_no2,1
2020-04-04,zrh_schmls,kbi_o3,2
2020-04-04,zrh_schmls,kbi_pm10,1
2020-04-04,zrh_schmls,no2,28.87
2020-04-04,zrh_schmls,o3_max_h,104.83
2020-04-04,zrh_schmls,pm10,20.36
2020-04-04,zrh_stmpf,kbi,2
2020-04-04,zrh_stmpf,kbi_no2,1
2020-04-04,zrh_stmpf,kbi_o3,2
2020-04-04,zrh_stmpf,kbi_pm10,1
2020-04-04,zrh_stmpf,no2,18.4
2020-04-04,zrh_stmpf,o3_max_h,109.78
2020-04-04,zrh_stmpf,p,970.23
2020-04-04,zrh_stmpf,pm10,18.61
2020-04-04,zrh_stmpf,t,10.65
2020-04-05,zrh_heub,no2,6.7
2020-04-05,zrh_heub,o3_max_h,109.6
2020-04-05,zrh_rsgrt,kbi,2
2020-04-05,zrh_rsgrt,kbi_no2,1
2020-04-05,zrh_rsgrt,kbi_o3,2
2020-04-05,zrh_rsgrt,kbi_pm10,1
2020-04-05,zrh_rsgrt,no2,24.65
2020-04-05,zrh_rsgrt,o3_max_h,104.85
2020-04-05,zrh_rsgrt,pm10,22.3
2020-04-05,zrh_schmls,kbi,2
2020-04-05,zrh_schmls,kbi_no2,1
2020-04-05,zrh_schmls,kbi_o3,2
2020-04-05,zrh_schmls,kbi_pm10,1
2020-04-05,zrh_schmls,no2,28.48
2020-04-05,zrh_schmls,o3_max_h,105.3
2020-04-05,zrh_schmls,pm10,21.31
2020-04-05,zrh_stmpf,kbi,2
2020-04-05,zrh_stmpf,kbi_no2,1
2020-04-05,zrh_stmpf,kbi_o3,2
2020-04-05,zrh_stmpf,kbi_pm10,1
2020-04-05,zrh_stmpf,no2,18.03
2020-04-05,zrh_stmpf,o3_max_h,105.56
2020-04-05,zrh_stmpf,p,969.99
2020-04-05,zrh_stmpf,pm10,20.27
2020-04-05,zrh_stmpf,t,12.28
2020-04-06,zrh_heub,no2,8.07
2020-04-06,zrh_heub,o3_max_h,124.27
2020-04-06,zrh_rsgrt,kbi,2
2020-04-06,zrh_rsgrt,kbi_no2,1
2020-04-06,zrh_rsgrt,kbi_o3,2
2020-04-06,zrh_rsgrt,kbi_pm10,1
2020-04-06,zrh_rsgrt,no2,55.35
2020-04-06,zrh_rsgrt,o3_max_h,92.97
2020-04-06,zrh_rsgrt,pm10,21.51
2020-04-06,zrh_schmls,kbi,2
2020-04-06,zrh_schmls,kbi_no2,1
2020-04-06,zrh_schmls,kbi_o3,2
2020-04-06,zrh_schmls,kbi_pm10,1
2020-04-06,zrh_schmls,no2,40.83
2020-04-06,zrh_schmls,o3_max_h,115.21
2020-04-06,zrh_schmls,pm10,20.9
2020-04-06,zrh_stmpf,kbi,2
2020-04-06,zrh_stmpf,kbi_no2,1
2020-04-06,zrh_stmpf,kbi_o3,2
2020-04-06,zrh_stmpf,kbi_pm10,1
2020-04-06,zrh_stmpf,no2,29.91
2020-04-06,zrh_stmpf,o3_max_h,118.92
2020-04-06,zrh_stmpf,p,972.22
2020-04-06,zrh_stmpf,pm10,18.71
2020-04-06,zrh_stmpf,t,14.33
2020-04-07,zrh_heub,no2,8.16
2020-04-07,zrh_heub,o3_max_h,130.93
2020-04-07,zrh_rsgrt,kbi,3
2020-04-07,zrh_rsgrt,kbi_no2,1
2020-04-07,zrh_rsgrt,kbi_o3,3
2020-04-07,zrh_rsgrt,kbi_pm10,1
2020-04-07,zrh_rsgrt,no2,43.89
2020-04-07,zrh_rsgrt,o3_max_h,121.33
2020-04-07,zrh_rsgrt,pm10,25.05
2020-04-07,zrh_schmls,kbi,2
2020-04-07,zrh_schmls,kbi_no2,1
2020-04-07,zrh_schmls,kbi_o3,2
2020-04-07,zrh_schmls,kbi_pm10,1
2020-04-07,zrh_schmls,no2,44.18
2020-04-07,zrh_schmls,o3_max_h,116.37
2020-04-07,zrh_schmls,pm10,24.62
2020-04-07,zrh_stmpf,kbi,3
2020-04-07,zrh_stmpf,kbi_no2,1
2020-04-07,zrh_stmpf,kbi_o3,3
2020-04-07,zrh_stmpf,kbi_pm10,1
2020-04-07,zrh_stmpf,no2,33.18
2020-04-07,zrh_stmpf,o3_max_h,121.62
2020-04-07,zrh_stmpf,p,975.72
2020-04-07,zrh_stmpf,pm10,23.27
2020-04-07,zrh_stmpf,t,15.61
2020-04-08,zrh_heub,no2,7.6
2020-04-08,zrh_heub,o3_max_h,132.61
2020-04-08,zrh_rsgrt,kbi,2
2020-04-08,zrh_rsgrt,kbi_no2,1
2020-04-08,zrh_rsgrt,kbi_o3,2
2020-04-08,zrh_rsgrt,kbi_pm10,1
2020-04-08,zrh_rsgrt,no2,54.57
2020-04-08,zrh_rsgrt,o3_max_h,114.99
2020-04-08,zrh_rsgrt,pm10,24.11
2020-04-08,zrh_schmls,kbi,2
2020-04-08,zrh_schmls,kbi_no2,1
2020-04-08,zrh_schmls,kbi_o3,2
2020-04-08,zrh_schmls,kbi_pm10,1
2020-04-08,zrh_schmls,no2,42.28
2020-04-08,zrh_schmls,o3_max_h,119.02
2020-04-08,zrh_schmls,pm10,22.63
2020-04-08,zrh_stmpf,kbi,3
2020-04-08,zrh_stmpf,kbi_no2,1
2020-04-08,zrh_stmpf,kbi_o3,3
2020-04-08,zrh_stmpf,kbi_pm10,1
2020-04-08,zrh_stmpf,no2,31.3
2020-04-08,zrh_stmpf,o3_max_h,126.26
2020-04-08,zrh_stmpf,p,973.76
2020-04-08,zrh_stmpf,pm10,20.26
2020-04-08,zrh_stmpf,t,15.84
2020-04-09,zrh_heub,no2,9.85
2020-04-09,zrh_heub,o3_max_h,137.37
2020-04-09,zrh_rsgrt,kbi,3
2020-04-09,zrh_rsgrt,kbi_no2,1
2020-04-09,zrh_rsgrt,kbi_o3,3
2020-04-09,zrh_rsgrt,kbi_pm10,1
2020-04-09,zrh_rsgrt,no2,52.34
2020-04-09,zrh_rsgrt,o3_max_h,121.89
2020-04-09,zrh_rsgrt,pm10,26.79
2020-04-09,zrh_schmls,kbi,2
2020-04-09,zrh_schmls,kbi_no2,1
2020-04-09,zrh_schmls,kbi_o3,2
2020-04-09,zrh_schmls,kbi_pm10,1
2020-04-09,zrh_schmls,no2,42.36
2020-04-09,zrh_schmls,o3_max_h,112.71
2020-04-09,zrh_schmls,pm10,25.45
2020-04-09,zrh_stmpf,kbi,3
2020-04-09,zrh_stmpf,kbi_no2,1
2020-04-09,zrh_stmpf,kbi_o3,3
2020-04-09,zrh_stmpf,kbi_pm10,1
2020-04-09,zrh_stmpf,no2,32.16
2020-04-09,zrh_stmpf,o3_max_h,126.9
2020-04-09,zrh_stmpf,p,972.07
2020-04-09,zrh_stmpf,pm10,22.8
2020-04-09,zrh_stmpf,t,16.14
2020-04-10,zrh_heub,no2,5.67
2020-04-10,zrh_rsgrt,kbi,3
2020-04-10,zrh_rsgrt,kbi_no2,1
2020-04-10,zrh_rsgrt,kbi_o3,3
2020-04-10,zrh_rsgrt,kbi_pm10,1
2020-04-10,zrh_rsgrt,no2,28.62
2020-04-10,zrh_rsgrt,o3_max_h,127.9
2020-04-10,zrh_rsgrt,pm10,26.32
2020-04-10,zrh_schmls,kbi,3
2020-04-10,zrh_schmls,kbi_no2,1
2020-04-10,zrh_schmls,kbi_o3,3
2020-04-10,zrh_schmls,kbi_pm10,1
2020-04-10,zrh_schmls,no2,24.88
2020-04-10,zrh_schmls,o3_max_h,125.51
2020-04-10,zrh_schmls,pm10,24.91
2020-04-10,zrh_stmpf,kbi,3
2020-04-10,zrh_stmpf,kbi_no2,1
2020-04-10,zrh_stmpf,kbi_o3,3
2020-04-10,zrh_stmpf,kbi_pm10,1
2020-04-10,zrh_stmpf,no2,18.53
2020-04-10,zrh_stmpf,o3_max_h,131.09
2020-04-10,zrh_stmpf,pm10,21.68
2020-04-10,zrh_stmpf,t,16.41
2020-04-11,zrh_rsgrt,kbi,3
2020-04-11,zrh_rsgrt,kbi_no2,1
2020-04-11,zrh_rsgrt,kbi_o3,3
2020-04-11,zrh_rsgrt,kbi_pm10,1
2020-04-11,zrh_rsgrt,no2,36.64
2020-04-11,zrh_rsgrt,o3_max_h,122.72
2020-04-11,zrh_rsgrt,pm10,24.75
2020-04-11,zrh_schmls,kbi,3
2020-04-11,zrh_schmls,kbi_no2,1
2020-04-11,zrh_schmls,kbi_o3,3
2020-04-11,zrh_schmls,kbi_pm10,1
2020-04-11,zrh_schmls,no2,31.46
2020-04-11,zrh_schmls,o3_max_h,124.45
2020-04-11,zrh_schmls,pm10,24.17
2020-04-11,zrh_stmpf,kbi,3
2020-04-11,zrh_stmpf,kbi_no2,1
2020-04-11,zrh_stmpf,kbi_o3,3
2020-04-11,zrh_stmpf,kbi_pm10,1
2020-04-11,zrh_stmpf,no2,19.38
2020-04-11,zrh_stmpf,o3_max_h,128.59
2020-04-11,zrh_stmpf,pm10,20.16
2020-04-11,zrh_stmpf,t,16.68
2020-04-12,zrh_rsgrt,kbi,2
2020-04-12,zrh_rsgrt,kbi_no2,1
2020-04-12,zrh_rsgrt,kbi_o3,2
2020-04-12,zrh_rsgrt,kbi_pm10,1
2020-04-12,zrh_rsgrt,no2,29.21
2020-04-12,zrh_rsgrt,o3_max_h,111.69
2020-04-12,zrh_rsgrt,pm10,22.13
2020-04-12,zrh_schmls,kbi,2
2020-04-12,zrh_schmls,kbi_no2,1
2020-04-12,zrh_schmls,kbi_o3,2
2020-04-12,zrh_schmls,kbi_pm10,1
2020-04-12,zrh_schmls,no2,21.17
2020-04-12,zrh_schmls,o3_max_h,113.16
2020-04-12,zrh_schmls,pm10,20.39
2020-04-12,zrh_stmpf,kbi,2
2020-04-12,zrh_stmpf,kbi_no2,1
2020-04-12,zrh_stmpf,kbi_o3,2
2020-04-12,zrh_stmpf,kbi_pm10,1
2020-04-12,zrh_stmpf,no2,16.06
2020-04-12,zrh_stmpf,o3_max_h,119.15
2020-04-12,zrh_stmpf,pm10,18.8
2020-04-12,zrh_stmpf,t,17.38
2020-04-13,zrh_rsgrt,kbi,2
2020-04-13,zrh_rsgrt,kbi_no2,1
2020-04-13,zrh_rsgrt,kbi_o3,2
2020-04-13,zrh_rsgrt,kbi_pm10,1
2020-04-13,zrh_rsgrt,no2,15.68
2020-04-13,zrh_rsgrt,o3_max_h,111.59
2020-04-13,zrh_rsgrt,pm10,18.09
2020-04-13,zrh_schmls,kbi,2
2020-04-13,zrh_schmls,kbi_no2,1
2020-04-13,zrh_schmls,kbi_o3,2
2020-04-13,zrh_schmls,kbi_pm10,1
2020-04-13,zrh_schmls,no2,13.26
2020-04-13,zrh_schmls,o3_max_h,109.96
2020-04-13,zrh_schmls,pm10,17.33
2020-04-13,zrh_stmpf,kbi,2
2020-04-13,zrh_stmpf,kbi_no2,1
2020-04-13,zrh_stmpf,kbi_o3,2
2020-04-13,zrh_stmpf,kbi_pm10,1
2020-04-13,zrh_stmpf,no2,8.24
2020-04-13,zrh_stmpf,o3_max_h,115.29
2020-04-13,zrh_stmpf,pm10,16.04
2020-04-13,zrh_stmpf,t,16.9
2020-04-14,zrh_rsgrt,kbi,1
2020-04-14,zrh_rsgrt,kbi_no2,1
2020-04-14,zrh_rsgrt,kbi_o3,1
2020-04-14,zrh_rsgrt,kbi_pm10,1
2020-04-14,zrh_rsgrt,no2,16.65
2020-04-14,zrh_rsgrt,o3_max_h,85.96
2020-04-14,zrh_rsgrt,pm10,16.68
2020-04-14,zrh_schmls,kbi,1
2020-04-14,zrh_schmls,kbi_no2,1
2020-04-14,zrh_schmls,kbi_o3,1
2020-04-14,zrh_schmls,kbi_pm10,1
2020-04-14,zrh_schmls,no2,16.04
2020-04-14,zrh_schmls,o3_max_h,85.94
2020-04-14,zrh_schmls,pm10,15.74
2020-04-14,zrh_stmpf,kbi,1
2020-04-14,zrh_stmpf,kbi_no2,1
2020-04-14,zrh_stmpf,kbi_o3,1
2020-04-14,zrh_stmpf,kbi_pm10,1
2020-04-14,zrh_stmpf,no2,10.34
2020-04-14,zrh_stmpf,o3_max_h,87.65
2020-04-14,zrh_stmpf,pm10,15.27
2020-04-14,zrh_stmpf,t,8.64
2020-04-15,zrh_heub,no2,8.9
2020-04-15,zrh_heub,o3_max_h,109.13
2020-04-15,zrh_rsgrt,kbi,2
2020-04-15,zrh_rsgrt,kbi_no2,1
2020-04-15,zrh_rsgrt,kbi_o3,2
2020-04-15,zrh_rsgrt,kbi_pm10,1
2020-04-15,zrh_rsgrt,no2,34.03
2020-04-15,zrh_rsgrt,o3_max_h,93.56
2020-04-15,zrh_rsgrt,pm10,19.2
2020-04-15,zrh_schmls,kbi,2
2020-04-15,zrh_schmls,kbi_no2,1
2020-04-15,zrh_schmls,kbi_o3,2
2020-04-15,zrh_schmls,kbi_pm10,1
2020-04-15,zrh_schmls,no2,33.47
2020-04-15,zrh_schmls,o3_max_h,91.05
2020-04-15,zrh_schmls,pm10,19.87
2020-04-15,zrh_stmpf,kbi,2
2020-04-15,zrh_stmpf,kbi_no2,1
2020-04-15,zrh_stmpf,kbi_o3,2
2020-04-15,zrh_stmpf,kbi_pm10,1
2020-04-15,zrh_stmpf,no2,20.71
2020-04-15,zrh_stmpf,o3_max_h,101.94
2020-04-15,zrh_stmpf,pm10,17.68
2020-04-15,zrh_stmpf,t,10.82
2020-04-16,zrh_heub,no2,9.17
2020-04-16,zrh_heub,o3_max_h,125.73
2020-04-16,zrh_rsgrt,kbi,2
2020-04-16,zrh_rsgrt,kbi_no2,1
2020-04-16,zrh_rsgrt,kbi_o3,2
2020-04-16,zrh_rsgrt,kbi_pm10,1
2020-04-16,zrh_rsgrt,no2,54.38
2020-04-16,zrh_rsgrt,o3_max_h,101.74
2020-04-16,zrh_rsgrt,pm10,22.7
2020-04-16,zrh_schmls,kbi,2
2020-04-16,zrh_schmls,kbi_no2,1
2020-04-16,zrh_schmls,kbi_o3,2
2020-04-16,zrh_schmls,kbi_pm10,1
2020-04-16,zrh_schmls,no2,40.48
2020-04-16,zrh_schmls,o3_max_h,109.38
2020-04-16,zrh_schmls,pm10,22.3
2020-04-16,zrh_stmpf,kbi,2
2020-04-16,zrh_stmpf,kbi_no2,1
2020-04-16,zrh_stmpf,kbi_o3,2
2020-04-16,zrh_stmpf,kbi_pm10,1
2020-04-16,zrh_stmpf,no2,31.03
2020-04-16,zrh_stmpf,o3_max_h,115.35
2020-04-16,zrh_stmpf,p,967.81
2020-04-16,zrh_stmpf,pm10,19.42
2020-04-16,zrh_stmpf,t,15.29
2020-04-17,zrh_heub,no2,7.05
2020-04-17,zrh_heub,o3_max_h,126.77
2020-04-17,zrh_rsgrt,kbi,2
2020-04-17,zrh_rsgrt,kbi_no2,1
2020-04-17,zrh_rsgrt,kbi_o3,2
2020-04-17,zrh_rsgrt,kbi_pm10,1
2020-04-17,zrh_rsgrt,no2,46.84
2020-04-17,zrh_rsgrt,o3_max_h,98.02
2020-04-17,zrh_rsgrt,pm10,25.34
2020-04-17,zrh_schmls,kbi,2
2020-04-17,zrh_schmls,kbi_no2,1
2020-04-17,zrh_schmls,kbi_o3,2
2020-04-17,zrh_schmls,kbi_pm10,1
2020-04-17,zrh_schmls,no2,34.5
2020-04-17,zrh_schmls,o3_max_h,108.68
2020-04-17,zrh_schmls,pm10,24.23
2020-04-17,zrh_stmpf,kbi,2
2020-04-17,zrh_stmpf,kbi_no2,1
2020-04-17,zrh_stmpf,kbi_o3,2
2020-04-17,zrh_stmpf,kbi_pm10,1
2020-04-17,zrh_stmpf,no2,23.67
2020-04-17,zrh_stmpf,o3_max_h,116.61
2020-04-17,zrh_stmpf,p,965.3
2020-04-17,zrh_stmpf,pm10,22.09
2020-04-17,zrh_stmpf,t,18.14
2020-04-18,zrh_heub,no2,4.07
2020-04-18,zrh_heub,o3_max_h,106.82
2020-04-18,zrh_rsgrt,kbi,2
2020-04-18,zrh_rsgrt,kbi_no2,1
2020-04-18,zrh_rsgrt,kbi_o3,2
2020-04-18,zrh_rsgrt,kbi_pm10,1
2020-04-18,zrh_rsgrt,no2,28.31
2020-04-18,zrh_rsgrt,o3_max_h,94.97
2020-04-18,zrh_rsgrt,pm10,22.36
2020-04-18,zrh_schmls,kbi,2
2020-04-18,zrh_schmls,kbi_no2,1
2020-04-18,zrh_schmls,kbi_o3,2
2020-04-18,zrh_schmls,kbi_pm10,1
2020-04-18,zrh_schmls,no2,20.55
2020-04-18,zrh_schmls,o3_max_h,95.76
2020-04-18,zrh_schmls,pm10,21.66
2020-04-18,zrh_stmpf,kbi,2
2020-04-18,zrh_stmpf,kbi_no2,1
2020-04-18,zrh_stmpf,kbi_o3,2
2020-04-18,zrh_stmpf,kbi_pm10,1
2020-04-18,zrh_stmpf,no2,12.16
2020-04-18,zrh_stmpf,o3_max_h,104.36
2020-04-18,zrh_stmpf,p,965.22
2020-04-18,zrh_stmpf,pm10,20.45
2020-04-18,zrh_stmpf,t,18.49
2020-04-19,zrh_heub,no2,2.39
2020-04-19,zrh_heub,o3_max_h,98.79
2020-04-19,zrh_rsgrt,kbi,2
2020-04-19,zrh_rsgrt,kbi_no2,1
2020-04-19,zrh_rsgrt,kbi_o3,2
2020-04-19,zrh_rsgrt,kbi_pm10,1
2020-04-19,zrh_rsgrt,no2,13.16
2020-04-19,zrh_rsgrt,o3_max_h,93.58
2020-04-19,zrh_rsgrt,pm10,13.71
2020-04-19,zrh_schmls,kbi,2
2020-04-19,zrh_schmls,kbi_no2,1
2020-04-19,zrh_schmls,kbi_o3,2
2020-04-19,zrh_schmls,kbi_pm10,1
2020-04-19,zrh_schmls,no2,12.25
2020-04-19,zrh_schmls,o3_max_h,93.09
2020-04-19,zrh_schmls,pm10,12.54
2020-04-19,zrh_stmpf,kbi,2
2020-04-19,zrh_stmpf,kbi_no2,1
2020-04-19,zrh_stmpf,kbi_o3,2
2020-04-19,zrh_stmpf,kbi_pm10,1
2020-04-19,zrh_stmpf,no2,7.68
2020-04-19,zrh_stmpf,o3_max_h,95.18
2020-04-19,zrh_stmpf,p,962.5
2020-04-19,zrh_stmpf,pm10,11.48
2020-04-19,zrh_stmpf,t,17.67
2020-04-20,zrh_heub,no2,5.68
2020-04-20,zrh_heub,o3_max_h,92.64
2020-04-20,zrh_rsgrt,kbi_no2,1
2020-04-20,zrh_rsgrt,kbi_pm10,1
2020-04-20,zrh_rsgrt,no2,19.62
2020-04-20,zrh_rsgrt,pm10,22.49
2020-04-20,zrh_schmls,kbi,1
2020-04-20,zrh_schmls,kbi_no2,1
2020-04-20,zrh_schmls,kbi_o3,1
2020-04-20,zrh_schmls,kbi_pm10,1
2020-04-20,zrh_schmls,no2,15.52
2020-04-20,zrh_schmls,o3_max_h,87.12
2020-04-20,zrh_schmls,pm10,21
2020-04-20,zrh_stmpf,kbi,1
2020-04-20,zrh_stmpf,kbi_no2,1
2020-04-20,zrh_stmpf,kbi_o3,1
2020-04-20,zrh_stmpf,kbi_pm10,1
2020-04-20,zrh_stmpf,no2,10.22
2020-04-20,zrh_stmpf,o3_max_h,89.08
2020-04-20,zrh_stmpf,p,959.46
2020-04-20,zrh_stmpf,pm10,20.52
2020-04-20,zrh_stmpf,t,15.14
2020-04-21,zrh_heub,no2,7.1
2020-04-21,zrh_heub,o3_max_h,102.23
2020-04-21,zrh_rsgrt,kbi_no2,1
2020-04-21,zrh_rsgrt,kbi_pm10,1
2020-04-21,zrh_rsgrt,no2,25.63
2020-04-21,zrh_rsgrt,pm10,24.18
2020-04-21,zrh_schmls,kbi,2
2020-04-21,zrh_schmls,kbi_no2,1
2020-04-21,zrh_schmls,kbi_o3,2
2020-04-21,zrh_schmls,kbi_pm10,1
2020-04-21,zrh_schmls,no2,20.29
2020-04-21,zrh_schmls,o3_max_h,92.29
2020-04-21,zrh_schmls,pm10,22.75
2020-04-21,zrh_stmpf,kbi,2
2020-04-21,zrh_stmpf,kbi_no2,1
2020-04-21,zrh_stmpf,kbi_o3,2
2020-04-21,zrh_stmpf,kbi_pm10,1
2020-04-21,zrh_stmpf,no2,14.41
2020-04-21,zrh_stmpf,o3_max_h,92.95
2020-04-21,zrh_stmpf,p,959.12
2020-04-21,zrh_stmpf,pm10,21.43
2020-04-21,zrh_stmpf,t,14.1
2020-04-22,zrh_heub,no2,6.31
2020-04-22,zrh_heub,o3_max_h,116.99
2020-04-22,zrh_rsgrt,kbi_no2,1
2020-04-22,zrh_rsgrt,kbi_pm10,1
2020-04-22,zrh_rsgrt,no2,28.45
2020-04-22,zrh_rsgrt,pm10,21.54
2020-04-22,zrh_schmls,kbi,2
2020-04-22,zrh_schmls,kbi_no2,1
2020-04-22,zrh_schmls,kbi_o3,2
2020-04-22,zrh_schmls,kbi_pm10,1
2020-04-22,zrh_schmls,no2,24.52
2020-04-22,zrh_schmls,o3_max_h,108.11
2020-04-22,zrh_schmls,pm10,22.08
2020-04-22,zrh_stmpf,kbi,2
2020-04-22,zrh_stmpf,kbi_no2,1
2020-04-22,zrh_stmpf,kbi_o3,2
2020-04-22,zrh_stmpf,kbi_pm10,1
2020-04-22,zrh_stmpf,no2,16.32
2020-04-22,zrh_stmpf,o3_max_h,109.41
2020-04-22,zrh_stmpf,p,962.9
2020-04-22,zrh_stmpf,pm10,19.99
2020-04-22,zrh_stmpf,t,15.89
2020-04-23,zrh_heub,no2,7.5
2020-04-23,zrh_heub,o3_max_h,132.05
2020-04-23,zrh_rsgrt,kbi,2
2020-04-23,zrh_rsgrt,kbi_no2,1
2020-04-23,zrh_rsgrt,kbi_o3,2
2020-04-23,zrh_rsgrt,kbi_pm10,1
2020-04-23,zrh_rsgrt,no2,39.23
2020-04-23,zrh_rsgrt,o3_max_h,114.2
2020-04-23,zrh_rsgrt,pm10,22.07
2020-04-23,zrh_schmls,kbi,2
2020-04-23,zrh_schmls,kbi_no2,1
2020-04-23,zrh_schmls,kbi_o3,2
2020-04-23,zrh_schmls,kbi_pm10,1
2020-04-23,zrh_schmls,no2,36.29
2020-04-23,zrh_schmls,o3_max_h,116.3
2020-04-23,zrh_schmls,pm10,23.9
2020-04-23,zrh_stmpf,kbi,3
2020-04-23,zrh_stmpf,kbi_no2,1
2020-04-23,zrh_stmpf,kbi_o3,3
2020-04-23,zrh_stmpf,kbi_pm10,1
2020-04-23,zrh_stmpf,no2,23.77
2020-04-23,zrh_stmpf,o3_max_h,121.83
2020-04-23,zrh_stmpf,p,966.5
2020-04-23,zrh_stmpf,pm10,20.6
2020-04-23,zrh_stmpf,t,16.17
2020-04-24,zrh_heub,no2,7.01
2020-04-24,zrh_heub,o3_max_h,130.65
2020-04-24,zrh_rsgrt,kbi,2
2020-04-24,zrh_rsgrt,kbi_no2,1
2020-04-24,zrh_rsgrt,kbi_o3,2
2020-04-24,zrh_rsgrt,kbi_pm10,1
2020-04-24,zrh_rsgrt,no2,51.51
2020-04-24,zrh_rsgrt,o3_max_h,108.23
2020-04-24,zrh_rsgrt,pm10,23.06
2020-04-24,zrh_schmls,kbi,2
2020-04-24,zrh_schmls,kbi_no2,1
2020-04-24,zrh_schmls,kbi_o3,2
2020-04-24,zrh_schmls,kbi_pm10,1
2020-04-24,zrh_schmls,no2,36.49
2020-04-24,zrh_schmls,o3_max_h,115.56
2020-04-24,zrh_schmls,pm10,22.22
2020-04-24,zrh_stmpf,kbi,3
2020-04-24,zrh_stmpf,kbi_no2,1
2020-04-24,zrh_stmpf,kbi_o3,3
2020-04-24,zrh_stmpf,kbi_pm10,1
2020-04-24,zrh_stmpf,no2,25.06
2020-04-24,zrh_stmpf,o3_max_h,129.18
2020-04-24,zrh_stmpf,p,963.5
2020-04-24,zrh_stmpf,pm10,21.26
2020-04-24,zrh_stmpf,t,17.31
2020-04-25,zrh_heub,no2,4.77
2020-04-25,zrh_heub,o3_max_h,129.07
2020-04-25,zrh_rsgrt,kbi,2
2020-04-25,zrh_rsgrt,kbi_no2,1
2020-04-25,zrh_rsgrt,kbi_o3,2
2020-04-25,zrh_rsgrt,kbi_pm10,1
2020-04-25,zrh_rsgrt,no2,33.99
2020-04-25,zrh_rsgrt,o3_max_h,111.79
2020-04-25,zrh_rsgrt,pm10,19.46
2020-04-25,zrh_schmls,kbi,3
2020-04-25,zrh_schmls,kbi_no2,1
2020-04-25,zrh_schmls,kbi_o3,3
2020-04-25,zrh_schmls,kbi_pm10,1
2020-04-25,zrh_schmls,no2,24.47
2020-04-25,zrh_schmls,o3_max_h,120.02
2020-04-25,zrh_schmls,pm10,18.33
2020-04-25,zrh_stmpf,kbi,3
2020-04-25,zrh_stmpf,kbi_no2,1
2020-04-25,zrh_stmpf,kbi_o3,3
2020-04-25,zrh_stmpf,kbi_pm10,1
2020-04-25,zrh_stmpf,no2,16
2020-04-25,zrh_stmpf,o3_max_h,127.56
2020-04-25,zrh_stmpf,p,959.21
2020-04-25,zrh_stmpf,pm10,17.28
2020-04-25,zrh_stmpf,t,18.21
2020-04-26,zrh_heub,no2,5.8
2020-04-26,zrh_heub,o3_max_h,122.26
2020-04-26,zrh_rsgrt,kbi,2
2020-04-26,zrh_rsgrt,kbi_no2,1
2020-04-26,zrh_rsgrt,kbi_o3,2
2020-04-26,zrh_rsgrt,kbi_pm10,1
2020-04-26,zrh_rsgrt,no2,17.32
2020-04-26,zrh_rsgrt,o3_max_h,109.36
2020-04-26,zrh_rsgrt,pm10,15.71
2020-04-26,zrh_schmls,kbi,2
2020-04-26,zrh_schmls,kbi_no2,1
2020-04-26,zrh_schmls,kbi_o3,2
2020-04-26,zrh_schmls,kbi_pm10,1
2020-04-26,zrh_schmls,no2,14.76
2020-04-26,zrh_schmls,o3_max_h,116.05
2020-04-26,zrh_schmls,pm10,15.64
2020-04-26,zrh_stmpf,kbi,3
2020-04-26,zrh_stmpf,kbi_no2,1
2020-04-26,zrh_stmpf,kbi_o3,3
2020-04-26,zrh_stmpf,kbi_pm10,1
2020-04-26,zrh_stmpf,no2,9.02
2020-04-26,zrh_stmpf,o3_max_h,120.08
2020-04-26,zrh_stmpf,p,959.1
2020-04-26,zrh_stmpf,pm10,14.65
2020-04-26,zrh_stmpf,t,15.86
2020-04-27,zrh_heub,no2,4.35
2020-04-27,zrh_heub,o3_max_h,101.83
2020-04-27,zrh_rsgrt,kbi,1
2020-04-27,zrh_rsgrt,kbi_no2,1
2020-04-27,zrh_rsgrt,kbi_o3,1
2020-04-27,zrh_rsgrt,kbi_pm10,1
2020-04-27,zrh_rsgrt,no2,34.92
2020-04-27,zrh_rsgrt,o3_max_h,78.78
2020-04-27,zrh_rsgrt,pm10,13.8
2020-04-27,zrh_schmls,kbi,1
2020-04-27,zrh_schmls,kbi_no2,1
2020-04-27,zrh_schmls,kbi_o3,1
2020-04-27,zrh_schmls,kbi_pm10,1
2020-04-27,zrh_schmls,no2,19.17
2020-04-27,zrh_schmls,o3_max_h,87.54
2020-04-27,zrh_schmls,pm10,12.05
2020-04-27,zrh_stmpf,kbi,2
2020-04-27,zrh_stmpf,kbi_no2,1
2020-04-27,zrh_stmpf,kbi_o3,2
2020-04-27,zrh_stmpf,kbi_pm10,1
2020-04-27,zrh_stmpf,no2,12.36
2020-04-27,zrh_stmpf,o3_max_h,98.6
2020-04-27,zrh_stmpf,p,959.46
2020-04-27,zrh_stmpf,pm10,11.39
2020-04-27,zrh_stmpf,t,17.6
2020-04-28,zrh_heub,no2,6.86
2020-04-28,zrh_heub,o3_max_h,80.79
2020-04-28,zrh_rsgrt,kbi,1
2020-04-28,zrh_rsgrt,kbi_no2,1
2020-04-28,zrh_rsgrt,kbi_o3,1
2020-04-28,zrh_rsgrt,kbi_pm10,1
2020-04-28,zrh_rsgrt,no2,35.31
2020-04-28,zrh_rsgrt,o3_max_h,70.17
2020-04-28,zrh_rsgrt,pm10,10.78
2020-04-28,zrh_schmls,kbi,1
2020-04-28,zrh_schmls,kbi_no2,1
2020-04-28,zrh_schmls,kbi_o3,1
2020-04-28,zrh_schmls,kbi_pm10,1
2020-04-28,zrh_schmls,no2,23.99
2020-04-28,zrh_schmls,o3_max_h,77.16
2020-04-28,zrh_schmls,pm10,8.44
2020-04-28,zrh_stmpf,kbi,1
2020-04-28,zrh_stmpf,kbi_no2,1
2020-04-28,zrh_stmpf,kbi_o3,1
2020-04-28,zrh_stmpf,kbi_pm10,1
2020-04-28,zrh_stmpf,no2,14.09
2020-04-28,zrh_stmpf,o3_max_h,78.7
2020-04-28,zrh_stmpf,p,958.2
2020-04-28,zrh_stmpf,pm10,7.96
2020-04-28,zrh_stmpf,t,13.66
2020-04-29,zrh_heub,no2,4.83
2020-04-29,zrh_heub,o3_max_h,86.35
2020-04-29,zrh_rsgrt,kbi,1
2020-04-29,zrh_rsgrt,kbi_no2,1
2020-04-29,zrh_rsgrt,kbi_o3,1
2020-04-29,zrh_rsgrt,kbi_pm10,1
2020-04-29,zrh_rsgrt,no2,30.9
2020-04-29,zrh_rsgrt,o3_max_h,75.36
2020-04-29,zrh_rsgrt,pm10,8.12
2020-04-29,zrh_schmls,kbi,1
2020-04-29,zrh_schmls,kbi_no2,1
2020-04-29,zrh_schmls,kbi_o3,1
2020-04-29,zrh_schmls,kbi_pm10,1
2020-04-29,zrh_schmls,no2,13.77
2020-04-29,zrh_schmls,o3_max_h,79.69
2020-04-29,zrh_schmls,pm10,5.5
2020-04-29,zrh_stmpf,kbi,1
2020-04-29,zrh_stmpf,kbi_no2,1
2020-04-29,zrh_stmpf,kbi_o3,1
2020-04-29,zrh_stmpf,kbi_pm10,1
2020-04-29,zrh_stmpf,no2,9.68
2020-04-29,zrh_stmpf,o3_max_h,85.01
2020-04-29,zrh_stmpf,p,960.39
2020-04-29,zrh_stmpf,pm10,5.95
2020-04-29,zrh_stmpf,t,12.35
2020-04-30,zrh_heub,no2,5.64
2020-04-30,zrh_heub,o3_max_h,73.68
2020-04-30,zrh_rsgrt,kbi,1
2020-04-30,zrh_rsgrt,kbi_no2,1
2020-04-30,zrh_rsgrt,kbi_o3,1
2020-04-30,zrh_rsgrt,kbi_pm10,1
2020-04-30,zrh_rsgrt,no2,39.24
2020-04-30,zrh_rsgrt,o3_max_h,55.96
2020-04-30,zrh_rsgrt,pm10,8.5
2020-04-30,zrh_schmls,kbi,1
2020-04-30,zrh_schmls,kbi_no2,1
2020-04-30,zrh_schmls,kbi_o3,1
2020-04-30,zrh_schmls,kbi_pm10,1
2020-04-30,zrh_schmls,no2,18.79
2020-04-30,zrh_schmls,o3_max_h,66.29
2020-04-30,zrh_schmls,pm10,5.75
2020-04-30,zrh_stmpf,kbi,1
2020-04-30,zrh_stmpf,kbi_no2,1
2020-04-30,zrh_stmpf,kbi_o3,1
2020-04-30,zrh_stmpf,kbi_pm10,1
2020-04-30,zrh_stmpf,no2,14.33
2020-04-30,zrh_stmpf,o3_max_h,70.8
2020-04-30,zrh_stmpf,p,958.71
2020-04-30,zrh_stmpf,pm10,6.09
2020-04-30,zrh_stmpf,t,11.4
2020-05-01,zrh_heub,no2,3.37
2020-05-01,zrh_heub,o3_max_h,86.53
2020-05-01,zrh_rsgrt,kbi,1
2020-05-01,zrh_rsgrt,kbi_no2,1
2020-05-01,zrh_rsgrt,kbi_o3,1
2020-05-01,zrh_rsgrt,kbi_pm10,1
2020-05-01,zrh_rsgrt,no2,20.23
2020-05-01,zrh_rsgrt,o3_max_h,73.43
2020-05-01,zrh_rsgrt,pm10,7.97
2020-05-01,zrh_schmls,kbi,1
2020-05-01,zrh_schmls,kbi_no2,1
2020-05-01,zrh_schmls,kbi_o3,1
2020-05-01,zrh_schmls,kbi_pm10,1
2020-05-01,zrh_schmls,no2,15.14
2020-05-01,zrh_schmls,o3_max_h,78.51
2020-05-01,zrh_schmls,pm10,5.72
2020-05-01,zrh_stmpf,kbi,1
2020-05-01,zrh_stmpf,kbi_no2,1
2020-05-01,zrh_stmpf,kbi_o3,1
2020-05-01,zrh_stmpf,kbi_pm10,1
2020-05-01,zrh_stmpf,no2,7.32
2020-05-01,zrh_stmpf,o3_max_h,86.55
2020-05-01,zrh_stmpf,p,957.39
2020-05-01,zrh_stmpf,pm10,5.72
2020-05-01,zrh_stmpf,t,10.64
2020-05-02,zrh_heub,no2,3.29
2020-05-02,zrh_heub,o3_max_h,71.52
2020-05-02,zrh_rsgrt,kbi,1
2020-05-02,zrh_rsgrt,kbi_no2,1
2020-05-02,zrh_rsgrt,kbi_o3,1
2020-05-02,zrh_rsgrt,kbi_pm10,1
2020-05-02,zrh_rsgrt,no2,23.64
2020-05-02,zrh_rsgrt,o3_max_h,61.8
2020-05-02,zrh_rsgrt,pm10,8.3
2020-05-02,zrh_schmls,kbi,1
2020-05-02,zrh_schmls,kbi_no2,1
2020-05-02,zrh_schmls,kbi_o3,1
2020-05-02,zrh_schmls,kbi_pm10,1
2020-05-02,zrh_schmls,no2,13.51
2020-05-02,zrh_schmls,o3_max_h,70.04
2020-05-02,zrh_schmls,pm10,6.34
2020-05-02,zrh_stmpf,kbi,1
2020-05-02,zrh_stmpf,kbi_no2,1
2020-05-02,zrh_stmpf,kbi_o3,1
2020-05-02,zrh_stmpf,kbi_pm10,1
2020-05-02,zrh_stmpf,no2,7.99
2020-05-02,zrh_stmpf,o3_max_h,72.54
2020-05-02,zrh_stmpf,p,962.04
2020-05-02,zrh_stmpf,pm10,6.27
2020-05-02,zrh_stmpf,t,11.05
2020-05-03,zrh_heub,no2,3.42
2020-05-03,zrh_heub,o3_max_h,94.08
2020-05-03,zrh_rsgrt,kbi,1
2020-05-03,zrh_rsgrt,kbi_no2,1
2020-05-03,zrh_rsgrt,kbi_o3,1
2020-05-03,zrh_rsgrt,kbi_pm10,1
2020-05-03,zrh_rsgrt,no2,19.74
2020-05-03,zrh_rsgrt,o3_max_h,84.17
2020-05-03,zrh_rsgrt,pm10,9.24
2020-05-03,zrh_schmls,kbi,1
2020-05-03,zrh_schmls,kbi_no2,1
2020-05-03,zrh_schmls,kbi_o3,1
2020-05-03,zrh_schmls,kbi_pm10,1
2020-05-03,zrh_schmls,no2,13.98
2020-05-03,zrh_schmls,o3_max_h,86.87
2020-05-03,zrh_schmls,pm10,7.27
2020-05-03,zrh_stmpf,kbi,1
2020-05-03,zrh_stmpf,kbi_no2,1
2020-05-03,zrh_stmpf,kbi_o3,1
2020-05-03,zrh_stmpf,kbi_pm10,1
2020-05-03,zrh_stmpf,no2,8.91
2020-05-03,zrh_stmpf,o3_max_h,89.26
2020-05-03,zrh_stmpf,p,967.52
2020-05-03,zrh_stmpf,pm10,7.32
2020-05-03,zrh_stmpf,t,12.28
2020-05-04,zrh_heub,no2,4.25
2020-05-04,zrh_heub,o3_max_h,89.03
2020-05-04,zrh_rsgrt,kbi,1
2020-05-04,zrh_rsgrt,kbi_no2,1
2020-05-04,zrh_rsgrt,kbi_o3,1
2020-05-04,zrh_rsgrt,kbi_pm10,1
2020-05-04,zrh_rsgrt,no2,31.82
2020-05-04,zrh_rsgrt,o3_max_h,72.09
2020-05-04,zrh_rsgrt,pm10,10.04
2020-05-04,zrh_schmls,kbi,1
2020-05-04,zrh_schmls,kbi_no2,1
2020-05-04,zrh_schmls,kbi_o3,1
2020-05-04,zrh_schmls,kbi_pm10,1
2020-05-04,zrh_schmls,no2,24.7
2020-05-04,zrh_schmls,o3_max_h,71.09
2020-05-04,zrh_schmls,pm10,8.62
2020-05-04,zrh_stmpf,kbi,1
2020-05-04,zrh_stmpf,kbi_no2,1
2020-05-04,zrh_stmpf,kbi_o3,1
2020-05-04,zrh_stmpf,kbi_pm10,1
2020-05-04,zrh_stmpf,no2,11.56
2020-05-04,zrh_stmpf,o3_max_h,81.97
2020-05-04,zrh_stmpf,p,965.9
2020-05-04,zrh_stmpf,pm10,7.83
2020-05-04,zrh_stmpf,t,16.91
2020-05-05,zrh_heub,no2,9.6
2020-05-05,zrh_heub,o3_max_h,69.9
2020-05-05,zrh_rsgrt,kbi,1
2020-05-05,zrh_rsgrt,kbi_no2,1
2020-05-05,zrh_rsgrt,kbi_o3,1
2020-05-05,zrh_rsgrt,kbi_pm10,1
2020-05-05,zrh_rsgrt,no2,27.12
2020-05-05,zrh_rsgrt,o3_max_h,61.74
2020-05-05,zrh_rsgrt,pm10,13.5
2020-05-05,zrh_schmls,kbi,1
2020-05-05,zrh_schmls,kbi_no2,1
2020-05-05,zrh_schmls,kbi_o3,1
2020-05-05,zrh_schmls,kbi_pm10,1
2020-05-05,zrh_schmls,no2,29.44
2020-05-05,zrh_schmls,o3_max_h,62.04
2020-05-05,zrh_schmls,pm10,12.26
2020-05-05,zrh_stmpf,kbi,1
2020-05-05,zrh_stmpf,kbi_no2,1
2020-05-05,zrh_stmpf,kbi_o3,1
2020-05-05,zrh_stmpf,kbi_pm10,1
2020-05-05,zrh_stmpf,no2,19.83
2020-05-05,zrh_stmpf,o3_max_h,64.38
2020-05-05,zrh_stmpf,p,965.46
2020-05-05,zrh_stmpf,pm10,11.38
2020-05-05,zrh_stmpf,t,12.57
2020-05-06,zrh_heub,no2,5.92
2020-05-06,zrh_heub,o3_max_h,111.54
2020-05-06,zrh_rsgrt,kbi,2
2020-05-06,zrh_rsgrt,kbi_no2,1
2020-05-06,zrh_rsgrt,kbi_o3,2
2020-05-06,zrh_rsgrt,kbi_pm10,1
2020-05-06,zrh_rsgrt,no2,28.78
2020-05-06,zrh_rsgrt,o3_max_h,94.24
2020-05-06,zrh_rsgrt,pm10,16.44
2020-05-06,zrh_schmls,kbi,2
2020-05-06,zrh_schmls,kbi_no2,1
2020-05-06,zrh_schmls,kbi_o3,2
2020-05-06,zrh_schmls,kbi_pm10,1
2020-05-06,zrh_schmls,no2,28.81
2020-05-06,zrh_schmls,o3_max_h,96.1
2020-05-06,zrh_schmls,pm10,15.19
2020-05-06,zrh_stmpf,kbi,2
2020-05-06,zrh_stmpf,kbi_no2,1
2020-05-06,zrh_stmpf,kbi_o3,2
2020-05-06,zrh_stmpf,kbi_pm10,1
2020-05-06,zrh_stmpf,no2,16.87
2020-05-06,zrh_stmpf,o3_max_h,102.02
2020-05-06,zrh_stmpf,p,970.07
2020-05-06,zrh_stmpf,pm10,13.87
2020-05-06,zrh_stmpf,t,12.32
2020-05-07,zrh_heub,no2,7.54
2020-05-07,zrh_heub,o3_max_h,128.35
2020-05-07,zrh_rsgrt,kbi,2
2020-05-07,zrh_rsgrt,kbi_no2,1
2020-05-07,zrh_rsgrt,kbi_o3,2
2020-05-07,zrh_rsgrt,kbi_pm10,1
2020-05-07,zrh_rsgrt,no2,40.25
2020-05-07,zrh_rsgrt,o3_max_h,109.28
2020-05-07,zrh_rsgrt,pm10,15.28
2020-05-07,zrh_schmls,kbi,2
2020-05-07,zrh_schmls,kbi_no2,1
2020-05-07,zrh_schmls,kbi_o3,2
2020-05-07,zrh_schmls,kbi_pm10,1
2020-05-07,zrh_schmls,no2,44.52
2020-05-07,zrh_schmls,o3_max_h,99.91
2020-05-07,zrh_schmls,pm10,15.41
2020-05-07,zrh_stmpf,kbi,2
2020-05-07,zrh_stmpf,kbi_no2,1
2020-05-07,zrh_stmpf,kbi_o3,2
2020-05-07,zrh_stmpf,kbi_pm10,1
2020-05-07,zrh_stmpf,no2,25.5
2020-05-07,zrh_stmpf,o3_max_h,116.42
2020-05-07,zrh_stmpf,p,971.42
2020-05-07,zrh_stmpf,pm10,13.22
2020-05-07,zrh_stmpf,t,14.78
2020-05-08,zrh_heub,no2,6.99
2020-05-08,zrh_heub,o3_max_h,121.9
2020-05-08,zrh_rsgrt,kbi,2
2020-05-08,zrh_rsgrt,kbi_no2,1
2020-05-08,zrh_rsgrt,kbi_o3,2
2020-05-08,zrh_rsgrt,kbi_pm10,1
2020-05-08,zrh_rsgrt,no2,49.24
2020-05-08,zrh_rsgrt,o3_max_h,96.19
2020-05-08,zrh_rsgrt,pm10,18.83
2020-05-08,zrh_schmls,kbi,2
2020-05-08,zrh_schmls,kbi_no2,1
2020-05-08,zrh_schmls,kbi_o3,2
2020-05-08,zrh_schmls,kbi_pm10,1
2020-05-08,zrh_schmls,no2,38.27
2020-05-08,zrh_schmls,o3_max_h,106.59
2020-05-08,zrh_schmls,pm10,16.76
2020-05-08,zrh_stmpf,kbi,2
2020-05-08,zrh_stmpf,kbi_no2,1
2020-05-08,zrh_stmpf,kbi_o3,2
2020-05-08,zrh_stmpf,kbi_pm10,1
2020-05-08,zrh_stmpf,no2,26.79
2020-05-08,zrh_stmpf,o3_max_h,115.08
2020-05-08,zrh_stmpf,p,966.76
2020-05-08,zrh_stmpf,pm10,15.38
2020-05-08,zrh_stmpf,t,19.04
2020-05-09,zrh_heub,no2,4.57
2020-05-09,zrh_heub,o3_max_h,120.41
2020-05-09,zrh_rsgrt,kbi,2
2020-05-09,zrh_rsgrt,kbi_no2,1
2020-05-09,zrh_rsgrt,kbi_o3,2
2020-05-09,zrh_rsgrt,kbi_pm10,1
2020-05-09,zrh_rsgrt,no2,32.46
2020-05-09,zrh_rsgrt,o3_max_h,103.86
2020-05-09,zrh_rsgrt,pm10,18.26
2020-05-09,zrh_schmls,kbi,2
2020-05-09,zrh_schmls,kbi_no2,1
2020-05-09,zrh_schmls,kbi_o3,2
2020-05-09,zrh_schmls,kbi_pm10,1
2020-05-09,zrh_schmls,no2,21.78
2020-05-09,zrh_schmls,o3_max_h,108.8
2020-05-09,zrh_schmls,pm10,16.91
2020-05-09,zrh_stmpf,kbi,2
2020-05-09,zrh_stmpf,kbi_no2,1
2020-05-09,zrh_stmpf,kbi_o3,2
2020-05-09,zrh_stmpf,kbi_pm10,1
2020-05-09,zrh_stmpf,no2,14.51
2020-05-09,zrh_stmpf,o3_max_h,113.54
2020-05-09,zrh_stmpf,p,961.5
2020-05-09,zrh_stmpf,pm10,15.28
2020-05-09,zrh_stmpf,t,21.23
2020-05-10,zrh_heub,no2,2.69
2020-05-10,zrh_heub,o3_max_h,109.6
2020-05-10,zrh_rsgrt,kbi,2
2020-05-10,zrh_rsgrt,kbi_no2,1
2020-05-10,zrh_rsgrt,kbi_o3,2
2020-05-10,zrh_rsgrt,kbi_pm10,1
2020-05-10,zrh_rsgrt,no2,17.36
2020-05-10,zrh_rsgrt,o3_max_h,101.1
2020-05-10,zrh_rsgrt,pm10,13.3
2020-05-10,zrh_schmls,kbi,2
2020-05-10,zrh_schmls,kbi_no2,1
2020-05-10,zrh_schmls,kbi_o3,2
2020-05-10,zrh_schmls,kbi_pm10,1
2020-05-10,zrh_schmls,no2,15.88
2020-05-10,zrh_schmls,o3_max_h,102.83
2020-05-10,zrh_schmls,pm10,12.25
2020-05-10,zrh_stmpf,kbi,2
2020-05-10,zrh_stmpf,kbi_no2,1
2020-05-10,zrh_stmpf,kbi_o3,2
2020-05-10,zrh_stmpf,kbi_pm10,1
2020-05-10,zrh_stmpf,no2,7.85
2020-05-10,zrh_stmpf,o3_max_h,103.34
2020-05-10,zrh_stmpf,p,956.08
2020-05-10,zrh_stmpf,pm10,11.13
2020-05-10,zrh_stmpf,t,19.96
2020-05-11,zrh_heub,no2,8.85
2020-05-11,zrh_heub,o3_max_h,86.34
2020-05-11,zrh_rsgrt,kbi,1
2020-05-11,zrh_rsgrt,kbi_no2,1
2020-05-11,zrh_rsgrt,kbi_o3,1
2020-05-11,zrh_rsgrt,kbi_pm10,1
2020-05-11,zrh_rsgrt,no2,27.58
2020-05-11,zrh_rsgrt,o3_max_h,65.11
2020-05-11,zrh_rsgrt,pm10,12.42
2020-05-11,zrh_schmls,kbi,1
2020-05-11,zrh_schmls,kbi_no2,1
2020-05-11,zrh_schmls,kbi_o3,1
2020-05-11,zrh_schmls,kbi_pm10,1
2020-05-11,zrh_schmls,no2,32.22
2020-05-11,zrh_schmls,o3_max_h,60.68
2020-05-11,zrh_schmls,pm10,12.07
2020-05-11,zrh_stmpf,kbi,1
2020-05-11,zrh_stmpf,kbi_no2,1
2020-05-11,zrh_stmpf,kbi_o3,1
2020-05-11,zrh_stmpf,kbi_pm10,1
2020-05-11,zrh_stmpf,no2,15.64
2020-05-11,zrh_stmpf,o3_max_h,62.02
2020-05-11,zrh_stmpf,p,952.18
2020-05-11,zrh_stmpf,pm10,10.31
2020-05-11,zrh_stmpf,t,13.58
2020-05-12,zrh_heub,no2,4.05
2020-05-12,zrh_heub,o3_max_h,71.19
2020-05-12,zrh_rsgrt,kbi,1
2020-05-12,zrh_rsgrt,kbi_no2,1
2020-05-12,zrh_rsgrt,kbi_o3,1
2020-05-12,zrh_rsgrt,kbi_pm10,1
2020-05-12,zrh_rsgrt,no2,19.88
2020-05-12,zrh_rsgrt,o3_max_h,64.12
2020-05-12,zrh_rsgrt,pm10,10.71
2020-05-12,zrh_schmls,kbi,1
2020-05-12,zrh_schmls,kbi_no2,1
2020-05-12,zrh_schmls,kbi_o3,1
2020-05-12,zrh_schmls,kbi_pm10,1
2020-05-12,zrh_schmls,no2,21
2020-05-12,zrh_schmls,o3_max_h,58.11
2020-05-12,zrh_schmls,pm10,9.59
2020-05-12,zrh_stmpf,kbi,1
2020-05-12,zrh_stmpf,kbi_no2,1
2020-05-12,zrh_stmpf,kbi_o3,1
2020-05-12,zrh_stmpf,kbi_pm10,1
2020-05-12,zrh_stmpf,no2,12.04
2020-05-12,zrh_stmpf,o3_max_h,63.82
2020-05-12,zrh_stmpf,p,963.78
2020-05-12,zrh_stmpf,pm10,8.82
2020-05-12,zrh_stmpf,t,8.12
2020-05-13,zrh_heub,no2,11.41
2020-05-13,zrh_heub,o3_max_h,51.94
2020-05-13,zrh_rsgrt,kbi,1
2020-05-13,zrh_rsgrt,kbi_no2,1
2020-05-13,zrh_rsgrt,kbi_o3,1
2020-05-13,zrh_rsgrt,kbi_pm10,1
2020-05-13,zrh_rsgrt,no2,29.43
2020-05-13,zrh_rsgrt,o3_max_h,39.15
2020-05-13,zrh_rsgrt,pm10,17.33
2020-05-13,zrh_schmls,kbi,1
2020-05-13,zrh_schmls,kbi_no2,1
2020-05-13,zrh_schmls,kbi_o3,1
2020-05-13,zrh_schmls,kbi_pm10,1
2020-05-13,zrh_schmls,no2,31.74
2020-05-13,zrh_schmls,o3_max_h,36.57
2020-05-13,zrh_schmls,pm10,17.96
2020-05-13,zrh_stmpf,kbi,1
2020-05-13,zrh_stmpf,kbi_no2,1
2020-05-13,zrh_stmpf,kbi_o3,1
2020-05-13,zrh_stmpf,kbi_pm10,1
2020-05-13,zrh_stmpf,no2,21.76
2020-05-13,zrh_stmpf,o3_max_h,44.31
2020-05-13,zrh_stmpf,p,958.85
2020-05-13,zrh_stmpf,pm10,16.78
2020-05-13,zrh_stmpf,t,10.2
2020-05-14,zrh_heub,no2,7.1
2020-05-14,zrh_heub,o3_max_h,73.1
2020-05-14,zrh_rsgrt,kbi,1
2020-05-14,zrh_rsgrt,kbi_no2,1
2020-05-14,zrh_rsgrt,kbi_o3,1
2020-05-14,zrh_rsgrt,kbi_pm10,1
2020-05-14,zrh_rsgrt,no2,26.54
2020-05-14,zrh_rsgrt,o3_max_h,63.11
2020-05-14,zrh_rsgrt,pm10,15
2020-05-14,zrh_schmls,kbi,1
2020-05-14,zrh_schmls,kbi_no2,1
2020-05-14,zrh_schmls,kbi_o3,1
2020-05-14,zrh_schmls,kbi_pm10,1
2020-05-14,zrh_schmls,no2,27.53
2020-05-14,zrh_schmls,o3_max_h,66.59
2020-05-14,zrh_schmls,pm10,14.18
2020-05-14,zrh_stmpf,kbi,1
2020-05-14,zrh_stmpf,kbi_no2,1
2020-05-14,zrh_stmpf,kbi_o3,1
2020-05-14,zrh_stmpf,kbi_pm10,1
2020-05-14,zrh_stmpf,no2,16.83
2020-05-14,zrh_stmpf,o3_max_h,71.96
2020-05-14,zrh_stmpf,p,961
2020-05-14,zrh_stmpf,pm10,12.97
2020-05-14,zrh_stmpf,t,9.88
2020-05-15,zrh_heub,no2,6.11
2020-05-15,zrh_heub,o3_max_h,78.27
2020-05-15,zrh_rsgrt,kbi,1
2020-05-15,zrh_rsgrt,kbi_no2,1
2020-05-15,zrh_rsgrt,kbi_o3,1
2020-05-15,zrh_rsgrt,kbi_pm10,1
2020-05-15,zrh_rsgrt,no2,27.93
2020-05-15,zrh_rsgrt,o3_max_h,67.85
2020-05-15,zrh_rsgrt,pm10,19.98
2020-05-15,zrh_schmls,kbi,1
2020-05-15,zrh_schmls,kbi_no2,1
2020-05-15,zrh_schmls,kbi_o3,1
2020-05-15,zrh_schmls,kbi_pm10,1
2020-05-15,zrh_schmls,no2,30.03
2020-05-15,zrh_schmls,o3_max_h,71.03
2020-05-15,zrh_schmls,pm10,20.36
2020-05-15,zrh_stmpf,kbi,1
2020-05-15,zrh_stmpf,kbi_no2,1
2020-05-15,zrh_stmpf,kbi_o3,1
2020-05-15,zrh_stmpf,kbi_pm10,1
2020-05-15,zrh_stmpf,no2,19.63
2020-05-15,zrh_stmpf,o3_max_h,72.32
2020-05-15,zrh_stmpf,p,964.73
2020-05-15,zrh_stmpf,pm10,18.47
2020-05-15,zrh_stmpf,t,11.21
2020-05-16,zrh_heub,no2,4.7
2020-05-16,zrh_heub,o3_max_h,103.06
2020-05-16,zrh_rsgrt,kbi,2
2020-05-16,zrh_rsgrt,kbi_no2,1
2020-05-16,zrh_rsgrt,kbi_o3,2
2020-05-16,zrh_rsgrt,kbi_pm10,1
2020-05-16,zrh_rsgrt,no2,26.44
2020-05-16,zrh_rsgrt,o3_max_h,93.84
2020-05-16,zrh_rsgrt,pm10,18.5
2020-05-16,zrh_schmls,kbi,2
2020-05-16,zrh_schmls,kbi_no2,1
2020-05-16,zrh_schmls,kbi_o3,2
2020-05-16,zrh_schmls,kbi_pm10,1
2020-05-16,zrh_schmls,no2,27.59
2020-05-16,zrh_schmls,o3_max_h,95.86
2020-05-16,zrh_schmls,pm10,18.34
2020-05-16,zrh_stmpf,kbi,2
2020-05-16,zrh_stmpf,kbi_no2,1
2020-05-16,zrh_stmpf,kbi_o3,2
2020-05-16,zrh_stmpf,kbi_pm10,1
2020-05-16,zrh_stmpf,no2,16.27
2020-05-16,zrh_stmpf,o3_max_h,98.79
2020-05-16,zrh_stmpf,p,969.2
2020-05-16,zrh_stmpf,pm10,16.45
2020-05-16,zrh_stmpf,t,13.09
2020-05-17,zrh_heub,no2,4.45
2020-05-17,zrh_heub,o3_max_h,129.8
2020-05-17,zrh_rsgrt,kbi,2
2020-05-17,zrh_rsgrt,kbi_no2,1
2020-05-17,zrh_rsgrt,kbi_o3,2
2020-05-17,zrh_rsgrt,kbi_pm10,1
2020-05-17,zrh_rsgrt,no2,24.16
2020-05-17,zrh_rsgrt,o3_max_h,115.14
2020-05-17,zrh_rsgrt,pm10,15.58
2020-05-17,zrh_schmls,kbi,3
2020-05-17,zrh_schmls,kbi_no2,1
2020-05-17,zrh_schmls,kbi_o3,3
2020-05-17,zrh_schmls,kbi_pm10,1
2020-05-17,zrh_schmls,no2,27.6
2020-05-17,zrh_schmls,o3_max_h,121.64
2020-05-17,zrh_schmls,pm10,15.23
2020-05-17,zrh_stmpf,kbi,3
2020-05-17,zrh_stmpf,kbi_no2,1
2020-05-17,zrh_stmpf,kbi_o3,3
2020-05-17,zrh_stmpf,kbi_pm10,1
2020-05-17,zrh_stmpf,no2,14.19
2020-05-17,zrh_stmpf,o3_max_h,121.56
2020-05-17,zrh_stmpf,p,969.97
2020-05-17,zrh_stmpf,pm10,13.22
2020-05-17,zrh_stmpf,t,16.45
2020-05-18,zrh_heub,no2,6.93
2020-05-18,zrh_heub,o3_max_h,140.08
2020-05-18,zrh_rsgrt,kbi,2
2020-05-18,zrh_rsgrt,kbi_no2,1
2020-05-18,zrh_rsgrt,kbi_o3,2
2020-05-18,zrh_rsgrt,kbi_pm10,1
2020-05-18,zrh_rsgrt,no2,38.28
2020-05-18,zrh_rsgrt,o3_max_h,112.95
2020-05-18,zrh_rsgrt,pm10,16.37
2020-05-18,zrh_schmls,kbi,3
2020-05-18,zrh_schmls,kbi_no2,1
2020-05-18,zrh_schmls,kbi_o3,3
2020-05-18,zrh_schmls,kbi_pm10,1
2020-05-18,zrh_schmls,no2,37.1
2020-05-18,zrh_schmls,o3_max_h,123.82
2020-05-18,zrh_schmls,pm10,17.3
2020-05-18,zrh_stmpf,kbi,3
2020-05-18,zrh_stmpf,kbi_no2,1
2020-05-18,zrh_stmpf,kbi_o3,3
2020-05-18,zrh_stmpf,kbi_pm10,1
2020-05-18,zrh_stmpf,no2,23.2
2020-05-18,zrh_stmpf,o3_max_h,130.62
2020-05-18,zrh_stmpf,p,971.53
2020-05-18,zrh_stmpf,pm10,14.44
2020-05-18,zrh_stmpf,t,18.14
2020-05-19,zrh_heub,no2,5.65
2020-05-19,zrh_heub,o3_max_h,128.65
2020-05-19,zrh_rsgrt,kbi,2
2020-05-19,zrh_rsgrt,kbi_no2,1
2020-05-19,zrh_rsgrt,kbi_o3,2
2020-05-19,zrh_rsgrt,kbi_pm10,1
2020-05-19,zrh_rsgrt,no2,32.25
2020-05-19,zrh_rsgrt,o3_max_h,114.48
2020-05-19,zrh_rsgrt,pm10,15.13
2020-05-19,zrh_schmls,kbi,2
2020-05-19,zrh_schmls,kbi_no2,1
2020-05-19,zrh_schmls,kbi_o3,2
2020-05-19,zrh_schmls,kbi_pm10,1
2020-05-19,zrh_schmls,no2,34.85
2020-05-19,zrh_schmls,o3_max_h,118.87
2020-05-19,zrh_schmls,pm10,15.33
2020-05-19,zrh_stmpf,kbi,3
2020-05-19,zrh_stmpf,kbi_no2,1
2020-05-19,zrh_stmpf,kbi_o3,3
2020-05-19,zrh_stmpf,kbi_pm10,1
2020-05-19,zrh_stmpf,no2,20.42
2020-05-19,zrh_stmpf,o3_max_h,122.49
2020-05-19,zrh_stmpf,p,969.09
2020-05-19,zrh_stmpf,pm10,13.34
2020-05-19,zrh_stmpf,t,20.06
2020-05-20,zrh_heub,no2,4.62
2020-05-20,zrh_heub,o3_max_h,108.11
2020-05-20,zrh_rsgrt,kbi,2
2020-05-20,zrh_rsgrt,kbi_no2,1
2020-05-20,zrh_rsgrt,kbi_o3,2
2020-05-20,zrh_rsgrt,kbi_pm10,1
2020-05-20,zrh_rsgrt,no2,29.34
2020-05-20,zrh_rsgrt,o3_max_h,90.84
2020-05-20,zrh_rsgrt,pm10,13.72
2020-05-20,zrh_schmls,kbi,2
2020-05-20,zrh_schmls,kbi_no2,1
2020-05-20,zrh_schmls,kbi_o3,2
2020-05-20,zrh_schmls,kbi_pm10,1
2020-05-20,zrh_schmls,no2,31.3
2020-05-20,zrh_schmls,o3_max_h,100.94
2020-05-20,zrh_schmls,pm10,13.16
2020-05-20,zrh_stmpf,kbi,2
2020-05-20,zrh_stmpf,kbi_no2,1
2020-05-20,zrh_stmpf,kbi_o3,2
2020-05-20,zrh_stmpf,kbi_pm10,1
2020-05-20,zrh_stmpf,no2,17.88
2020-05-20,zrh_stmpf,o3_max_h,100.55
2020-05-20,zrh_stmpf,p,968.81
2020-05-20,zrh_stmpf,pm10,11.23
2020-05-20,zrh_stmpf,t,20.19
2020-05-21,zrh_heub,no2,3.43
2020-05-21,zrh_heub,o3_max_h,111.38
2020-05-21,zrh_rsgrt,kbi,2
2020-05-21,zrh_rsgrt,kbi_no2,1
2020-05-21,zrh_rsgrt,kbi_o3,2
2020-05-21,zrh_rsgrt,kbi_pm10,1
2020-05-21,zrh_rsgrt,no2,23.13
2020-05-21,zrh_rsgrt,o3_max_h,103.41
2020-05-21,zrh_rsgrt,pm10,14.36
2020-05-21,zrh_schmls,kbi,2
2020-05-21,zrh_schmls,kbi_no2,1
2020-05-21,zrh_schmls,kbi_o3,2
2020-05-21,zrh_schmls,kbi_pm10,1
2020-05-21,zrh_schmls,no2,22.46
2020-05-21,zrh_schmls,o3_max_h,105.37
2020-05-21,zrh_schmls,pm10,13.08
2020-05-21,zrh_stmpf,kbi,2
2020-05-21,zrh_stmpf,kbi_no2,1
2020-05-21,zrh_stmpf,kbi_o3,2
2020-05-21,zrh_stmpf,kbi_pm10,1
2020-05-21,zrh_stmpf,no2,11.61
2020-05-21,zrh_stmpf,o3_max_h,107.58
2020-05-21,zrh_stmpf,p,970.27
2020-05-21,zrh_stmpf,pm10,11.59
2020-05-21,zrh_stmpf,t,20.24
2020-05-22,zrh_heub,no2,6.57
2020-05-22,zrh_heub,o3_max_h,112.59
2020-05-22,zrh_rsgrt,kbi,1
2020-05-22,zrh_rsgrt,kbi_no2,1
2020-05-22,zrh_rsgrt,kbi_o3,1
2020-05-22,zrh_rsgrt,kbi_pm10,1
2020-05-22,zrh_rsgrt,no2,46.34
2020-05-22,zrh_rsgrt,o3_max_h,78.78
2020-05-22,zrh_rsgrt,pm10,18.37
2020-05-22,zrh_schmls,kbi,2
2020-05-22,zrh_schmls,kbi_no2,1
2020-05-22,zrh_schmls,kbi_o3,2
2020-05-22,zrh_schmls,kbi_pm10,1
2020-05-22,zrh_schmls,no2,30.27
2020-05-22,zrh_schmls,o3_max_h,97.09
2020-05-22,zrh_schmls,pm10,16.5
2020-05-22,zrh_stmpf,kbi,2
2020-05-22,zrh_stmpf,kbi_no2,1
2020-05-22,zrh_stmpf,kbi_o3,2
2020-05-22,zrh_stmpf,kbi_pm10,1
2020-05-22,zrh_stmpf,no2,19.43
2020-05-22,zrh_stmpf,o3_max_h,106.92
2020-05-22,zrh_stmpf,p,971.83
2020-05-22,zrh_stmpf,pm10,14.8
2020-05-22,zrh_stmpf,t,21.65
2020-05-23,zrh_heub,no2,4.24
2020-05-23,zrh_heub,o3_max_h,95.94
2020-05-23,zrh_rsgrt,kbi,1
2020-05-23,zrh_rsgrt,kbi_no2,1
2020-05-23,zrh_rsgrt,kbi_o3,1
2020-05-23,zrh_rsgrt,kbi_pm10,1
2020-05-23,zrh_rsgrt,no2,28.96
2020-05-23,zrh_rsgrt,o3_max_h,71.61
2020-05-23,zrh_rsgrt,pm10,13.27
2020-05-23,zrh_schmls,kbi,1
2020-05-23,zrh_schmls,kbi_no2,1
2020-05-23,zrh_schmls,kbi_o3,1
2020-05-23,zrh_schmls,kbi_pm10,1
2020-05-23,zrh_schmls,no2,18.1
2020-05-23,zrh_schmls,o3_max_h,84.7
2020-05-23,zrh_schmls,pm10,11.56
2020-05-23,zrh_stmpf,kbi,2
2020-05-23,zrh_stmpf,kbi_no2,1
2020-05-23,zrh_stmpf,kbi_o3,2
2020-05-23,zrh_stmpf,kbi_pm10,1
2020-05-23,zrh_stmpf,no2,9.8
2020-05-23,zrh_stmpf,o3_max_h,90.75
2020-05-23,zrh_stmpf,p,974.43
2020-05-23,zrh_stmpf,pm10,10.64
2020-05-23,zrh_stmpf,t,16.86
2020-05-24,zrh_heub,no2,2.23
2020-05-24,zrh_heub,o3_max_h,86.35
2020-05-24,zrh_rsgrt,kbi,1
2020-05-24,zrh_rsgrt,kbi_no2,1
2020-05-24,zrh_rsgrt,kbi_o3,1
2020-05-24,zrh_rsgrt,kbi_pm10,1
2020-05-24,zrh_rsgrt,no2,18.91
2020-05-24,zrh_rsgrt,o3_max_h,72.92
2020-05-24,zrh_rsgrt,pm10,9.97
2020-05-24,zrh_schmls,kbi,1
2020-05-24,zrh_schmls,kbi_no2,1
2020-05-24,zrh_schmls,kbi_o3,1
2020-05-24,zrh_schmls,kbi_pm10,1
2020-05-24,zrh_schmls,no2,13.52
2020-05-24,zrh_schmls,o3_max_h,80.65
2020-05-24,zrh_schmls,pm10,8.19
2020-05-24,zrh_stmpf,kbi,1
2020-05-24,zrh_stmpf,kbi_no2,1
2020-05-24,zrh_stmpf,kbi_o3,1
2020-05-24,zrh_stmpf,kbi_pm10,1
2020-05-24,zrh_stmpf,no2,7.28
2020-05-24,zrh_stmpf,o3_max_h,84.95
2020-05-24,zrh_stmpf,p,980.28
2020-05-24,zrh_stmpf,pm10,7.84
2020-05-24,zrh_stmpf,t,14.69
2020-05-25,zrh_heub,no2,3.59
2020-05-25,zrh_heub,o3_max_h,90.47
2020-05-25,zrh_rsgrt,kbi,1
2020-05-25,zrh_rsgrt,kbi_no2,1
2020-05-25,zrh_rsgrt,kbi_o3,1
2020-05-25,zrh_rsgrt,kbi_pm10,1
2020-05-25,zrh_rsgrt,no2,27.21
2020-05-25,zrh_rsgrt,o3_max_h,79.17
2020-05-25,zrh_rsgrt,pm10,11.48
2020-05-25,zrh_schmls,kbi,1
2020-05-25,zrh_schmls,kbi_no2,1
2020-05-25,zrh_schmls,kbi_o3,1
2020-05-25,zrh_schmls,kbi_pm10,1
2020-05-25,zrh_schmls,no2,25.53
2020-05-25,zrh_schmls,o3_max_h,78.84
2020-05-25,zrh_schmls,pm10,10.13
2020-05-25,zrh_stmpf,kbi,1
2020-05-25,zrh_stmpf,kbi_no2,1
2020-05-25,zrh_stmpf,kbi_o3,1
2020-05-25,zrh_stmpf,kbi_pm10,1
2020-05-25,zrh_stmpf,no2,17.67
2020-05-25,zrh_stmpf,o3_max_h,81.38
2020-05-25,zrh_stmpf,p,980.33
2020-05-25,zrh_stmpf,pm10,9.94
2020-05-25,zrh_stmpf,t,16.13
2020-05-26,zrh_heub,no2,4.29
2020-05-26,zrh_heub,o3_max_h,106.1
2020-05-26,zrh_rsgrt,kbi,2
2020-05-26,zrh_rsgrt,kbi_no2,1
2020-05-26,zrh_rsgrt,kbi_o3,2
2020-05-26,zrh_rsgrt,kbi_pm10,1
2020-05-26,zrh_rsgrt,no2,25.16
2020-05-26,zrh_rsgrt,o3_max_h,94.54
2020-05-26,zrh_rsgrt,pm10,13.77
2020-05-26,zrh_schmls,kbi,2
2020-05-26,zrh_schmls,kbi_no2,1
2020-05-26,zrh_schmls,kbi_o3,2
2020-05-26,zrh_schmls,kbi_pm10,1
2020-05-26,zrh_schmls,no2,27.13
2020-05-26,zrh_schmls,o3_max_h,96.1
2020-05-26,zrh_schmls,pm10,12.42
2020-05-26,zrh_stmpf,kbi,2
2020-05-26,zrh_stmpf,kbi_no2,1
2020-05-26,zrh_stmpf,kbi_o3,2
2020-05-26,zrh_stmpf,kbi_pm10,1
2020-05-26,zrh_stmpf,no2,17.76
2020-05-26,zrh_stmpf,o3_max_h,99.74
2020-05-26,zrh_stmpf,p,980.22
2020-05-26,zrh_stmpf,pm10,11.31
2020-05-26,zrh_stmpf,t,16.58
2020-05-27,zrh_heub,no2,4
2020-05-27,zrh_heub,o3_max_h,108.55
2020-05-27,zrh_rsgrt,kbi,2
2020-05-27,zrh_rsgrt,kbi_no2,1
2020-05-27,zrh_rsgrt,kbi_o3,2
2020-05-27,zrh_rsgrt,kbi_pm10,1
2020-05-27,zrh_rsgrt,no2,30.24
2020-05-27,zrh_rsgrt,o3_max_h,90.29
2020-05-27,zrh_rsgrt,pm10,13.23
2020-05-27,zrh_schmls,kbi,2
2020-05-27,zrh_schmls,kbi_no2,1
2020-05-27,zrh_schmls,kbi_o3,2
2020-05-27,zrh_schmls,kbi_pm10,1
2020-05-27,zrh_schmls,no2,28.58
2020-05-27,zrh_schmls,o3_max_h,96.89
2020-05-27,zrh_schmls,pm10,12.08
2020-05-27,zrh_stmpf,kbi,2
2020-05-27,zrh_stmpf,kbi_no2,1
2020-05-27,zrh_stmpf,kbi_o3,2
2020-05-27,zrh_stmpf,kbi_pm10,1
2020-05-27,zrh_stmpf,no2,19.07
2020-05-27,zrh_stmpf,o3_max_h,98.63
2020-05-27,zrh_stmpf,p,979.17
2020-05-27,zrh_stmpf,pm10,10.69
2020-05-27,zrh_stmpf,t,17.2
2020-05-28,zrh_heub,no2,7.7
2020-05-28,zrh_heub,o3_max_h,121.4
2020-05-28,zrh_rsgrt,kbi,2
2020-05-28,zrh_rsgrt,kbi_no2,1
2020-05-28,zrh_rsgrt,kbi_o3,2
2020-05-28,zrh_rsgrt,kbi_pm10,1
2020-05-28,zrh_rsgrt,no2,38.3
2020-05-28,zrh_rsgrt,o3_max_h,100.99
2020-05-28,zrh_rsgrt,pm10,15.81
2020-05-28,zrh_schmls,kbi,2
2020-05-28,zrh_schmls,kbi_no2,1
2020-05-28,zrh_schmls,kbi_o3,2
2020-05-28,zrh_schmls,kbi_pm10,1
2020-05-28,zrh_schmls,no2,34.55
2020-05-28,zrh_schmls,o3_max_h,104.79
2020-05-28,zrh_schmls,pm10,14.68
2020-05-28,zrh_stmpf,kbi,2
2020-05-28,zrh_stmpf,kbi_no2,1
2020-05-28,zrh_stmpf,kbi_o3,2
2020-05-28,zrh_stmpf,kbi_pm10,1
2020-05-28,zrh_stmpf,no2,28.15
2020-05-28,zrh_stmpf,o3_max_h,108.99
2020-05-28,zrh_stmpf,p,975.83
2020-05-28,zrh_stmpf,pm10,13.7
2020-05-28,zrh_stmpf,t,17.42
2020-05-29,zrh_heub,no2,3.8
2020-05-29,zrh_heub,o3_max_h,106.52
2020-05-29,zrh_rsgrt,kbi,2
2020-05-29,zrh_rsgrt,kbi_no2,1
2020-05-29,zrh_rsgrt,kbi_o3,2
2020-05-29,zrh_rsgrt,kbi_pm10,1
2020-05-29,zrh_rsgrt,no2,20.23
2020-05-29,zrh_rsgrt,o3_max_h,93.92
2020-05-29,zrh_rsgrt,pm10,12.73
2020-05-29,zrh_schmls,kbi,2
2020-05-29,zrh_schmls,kbi_no2,1
2020-05-29,zrh_schmls,kbi_o3,2
2020-05-29,zrh_schmls,kbi_pm10,1
2020-05-29,zrh_schmls,no2,17.32
2020-05-29,zrh_schmls,o3_max_h,97.46
2020-05-29,zrh_schmls,pm10,11.32
2020-05-29,zrh_stmpf,kbi,2
2020-05-29,zrh_stmpf,kbi_no2,1
2020-05-29,zrh_stmpf,kbi_o3,2
2020-05-29,zrh_stmpf,kbi_pm10,1
2020-05-29,zrh_stmpf,no2,11.71
2020-05-29,zrh_stmpf,o3_max_h,97.65
2020-05-29,zrh_stmpf,p,971.66
2020-05-29,zrh_stmpf,pm10,10.72
2020-05-29,zrh_stmpf,t,15.79
2020-05-30,zrh_heub,no2,3.46
2020-05-30,zrh_heub,o3_max_h,104.14
2020-05-30,zrh_rsgrt,kbi,2
2020-05-30,zrh_rsgrt,kbi_no2,1
2020-05-30,zrh_rsgrt,kbi_o3,2
2020-05-30,zrh_rsgrt,kbi_pm10,1
2020-05-30,zrh_rsgrt,no2,20.32
2020-05-30,zrh_rsgrt,o3_max_h,92.81
2020-05-30,zrh_rsgrt,pm10,11.96
2020-05-30,zrh_schmls,kbi,2
2020-05-30,zrh_schmls,kbi_no2,1
2020-05-30,zrh_schmls,kbi_o3,2
2020-05-30,zrh_schmls,kbi_pm10,1
2020-05-30,zrh_schmls,no2,16.04
2020-05-30,zrh_schmls,o3_max_h,98.15
2020-05-30,zrh_schmls,pm10,11.29
2020-05-30,zrh_stmpf,kbi,2
2020-05-30,zrh_stmpf,kbi_no2,1
2020-05-30,zrh_stmpf,kbi_o3,2
2020-05-30,zrh_stmpf,kbi_pm10,1
2020-05-30,zrh_stmpf,no2,10.53
2020-05-30,zrh_stmpf,o3_max_h,99.31
2020-05-30,zrh_stmpf,p,968.22
2020-05-30,zrh_stmpf,pm10,10.49
2020-05-30,zrh_stmpf,t,15.76
2020-05-31,zrh_heub,no2,3.22
2020-05-31,zrh_heub,o3_max_h,105.63
2020-05-31,zrh_rsgrt,kbi,2
2020-05-31,zrh_rsgrt,kbi_no2,1
2020-05-31,zrh_rsgrt,kbi_o3,2
2020-05-31,zrh_rsgrt,kbi_pm10,1
2020-05-31,zrh_rsgrt,no2,13.62
2020-05-31,zrh_rsgrt,o3_max_h,97.2
2020-05-31,zrh_rsgrt,pm10,12.52
2020-05-31,zrh_schmls,kbi,2
2020-05-31,zrh_schmls,kbi_no2,1
2020-05-31,zrh_schmls,kbi_o3,2
2020-05-31,zrh_schmls,kbi_pm10,1
2020-05-31,zrh_schmls,no2,14.65
2020-05-31,zrh_schmls,o3_max_h,100.22
2020-05-31,zrh_schmls,pm10,10.97
2020-05-31,zrh_stmpf,kbi,2
2020-05-31,zrh_stmpf,kbi_no2,1
2020-05-31,zrh_stmpf,kbi_o3,2
2020-05-31,zrh_stmpf,kbi_pm10,1
2020-05-31,zrh_stmpf,no2,8.63
2020-05-31,zrh_stmpf,o3_max_h,101.65
2020-05-31,zrh_stmpf,p,967.25
2020-05-31,zrh_stmpf,pm10,10.08
2020-05-31,zrh_stmpf,t,16.13
2020-06-01,zrh_heub,no2,2.98
2020-06-01,zrh_heub,o3_max_h,113.86
2020-06-01,zrh_rsgrt,kbi,2
2020-06-01,zrh_rsgrt,kbi_no2,1
2020-06-01,zrh_rsgrt,kbi_o3,2
2020-06-01,zrh_rsgrt,kbi_pm10,1
2020-06-01,zrh_rsgrt,no2,14.02
2020-06-01,zrh_rsgrt,o3_max_h,106.96
2020-06-01,zrh_rsgrt,pm10,11.65
2020-06-01,zrh_schmls,kbi,2
2020-06-01,zrh_schmls,kbi_no2,1
2020-06-01,zrh_schmls,kbi_o3,2
2020-06-01,zrh_schmls,kbi_pm10,1
2020-06-01,zrh_schmls,no2,15.55
2020-06-01,zrh_schmls,o3_max_h,105.94
2020-06-01,zrh_schmls,pm10,10.48
2020-06-01,zrh_stmpf,kbi,2
2020-06-01,zrh_stmpf,kbi_no2,1
2020-06-01,zrh_stmpf,kbi_o3,2
2020-06-01,zrh_stmpf,kbi_pm10,1
2020-06-01,zrh_stmpf,no2,7.87
2020-06-01,zrh_stmpf,o3_max_h,108.57
2020-06-01,zrh_stmpf,p,967.41
2020-06-01,zrh_stmpf,pm10,9.51
2020-06-01,zrh_stmpf,t,18.68
2020-06-02,zrh_heub,no2,4.76
2020-06-02,zrh_heub,o3_max_h,120.07
2020-06-02,zrh_rsgrt,kbi,2
2020-06-02,zrh_rsgrt,kbi_no2,1
2020-06-02,zrh_rsgrt,kbi_o3,2
2020-06-02,zrh_rsgrt,kbi_pm10,1
2020-06-02,zrh_rsgrt,no2,39.26
2020-06-02,zrh_rsgrt,o3_max_h,100.89
2020-06-02,zrh_rsgrt,pm10,17.74
2020-06-02,zrh_schmls,kbi,2
2020-06-02,zrh_schmls,kbi_no2,1
2020-06-02,zrh_schmls,kbi_o3,2
2020-06-02,zrh_schmls,kbi_pm10,1
2020-06-02,zrh_schmls,no2,35.11
2020-06-02,zrh_schmls,o3_max_h,106.3
2020-06-02,zrh_schmls,pm10,17.76
2020-06-02,zrh_stmpf,kbi,2
2020-06-02,zrh_stmpf,kbi_no2,1
2020-06-02,zrh_stmpf,kbi_o3,2
2020-06-02,zrh_stmpf,kbi_pm10,1
2020-06-02,zrh_stmpf,no2,23.38
2020-06-02,zrh_stmpf,o3_max_h,106.5
2020-06-02,zrh_stmpf,p,964.94
2020-06-02,zrh_stmpf,pm10,15.11
2020-06-02,zrh_stmpf,t,20.57
2020-06-03,zrh_heub,no2,5.17
2020-06-03,zrh_heub,o3_max_h,135.05
2020-06-03,zrh_rsgrt,kbi,2
2020-06-03,zrh_rsgrt,kbi_no2,1
2020-06-03,zrh_rsgrt,kbi_o3,2
2020-06-03,zrh_rsgrt,kbi_pm10,1
2020-06-03,zrh_rsgrt,no2,46.83
2020-06-03,zrh_rsgrt,o3_max_h,95.35
2020-06-03,zrh_rsgrt,pm10,18.46
2020-06-03,zrh_schmls,kbi,2
2020-06-03,zrh_schmls,kbi_no2,1
2020-06-03,zrh_schmls,kbi_o3,2
2020-06-03,zrh_schmls,kbi_pm10,1
2020-06-03,zrh_schmls,no2,27.47
2020-06-03,zrh_schmls,o3_max_h,117.18
2020-06-03,zrh_schmls,pm10,17.02
2020-06-03,zrh_stmpf,kbi,2
2020-06-03,zrh_stmpf,kbi_no2,1
2020-06-03,zrh_stmpf,kbi_o3,2
2020-06-03,zrh_stmpf,kbi_pm10,1
2020-06-03,zrh_stmpf,no2,20.34
2020-06-03,zrh_stmpf,o3_max_h,119.94
2020-06-03,zrh_stmpf,p,956.72
2020-06-03,zrh_stmpf,pm10,16.12
2020-06-03,zrh_stmpf,t,20.52
2020-06-04,zrh_heub,no2,6.21
2020-06-04,zrh_heub,o3_max_h,95.92
2020-06-04,zrh_rsgrt,kbi,1
2020-06-04,zrh_rsgrt,kbi_no2,1
2020-06-04,zrh_rsgrt,kbi_o3,1
2020-06-04,zrh_rsgrt,kbi_pm10,1
2020-06-04,zrh_rsgrt,no2,45.19
2020-06-04,zrh_rsgrt,o3_max_h,86.53
2020-06-04,zrh_rsgrt,pm10,10.64
2020-06-04,zrh_schmls,kbi,2
2020-06-04,zrh_schmls,kbi_no2,1
2020-06-04,zrh_schmls,kbi_o3,2
2020-06-04,zrh_schmls,kbi_pm10,1
2020-06-04,zrh_schmls,no2,18.67
2020-06-04,zrh_schmls,o3_max_h,93.87
2020-06-04,zrh_schmls,pm10,7.99
2020-06-04,zrh_stmpf,kbi,2
2020-06-04,zrh_stmpf,kbi_no2,1
2020-06-04,zrh_stmpf,kbi_o3,2
2020-06-04,zrh_stmpf,kbi_pm10,1
2020-06-04,zrh_stmpf,no2,14.98
2020-06-04,zrh_stmpf,o3_max_h,92.6
2020-06-04,zrh_stmpf,p,949.65
2020-06-04,zrh_stmpf,pm10,8
2020-06-04,zrh_stmpf,t,15.14
2020-06-05,zrh_heub,no2,4.64
2020-06-05,zrh_heub,o3_max_h,83.48
2020-06-05,zrh_rsgrt,kbi,1
2020-06-05,zrh_rsgrt,kbi_no2,1
2020-06-05,zrh_rsgrt,kbi_o3,1
2020-06-05,zrh_rsgrt,kbi_pm10,1
2020-06-05,zrh_rsgrt,no2,28.36
2020-06-05,zrh_rsgrt,o3_max_h,61.88
2020-06-05,zrh_rsgrt,pm10,10.56
2020-06-05,zrh_schmls,kbi,1
2020-06-05,zrh_schmls,kbi_no2,1
2020-06-05,zrh_schmls,kbi_o3,1
2020-06-05,zrh_schmls,kbi_pm10,1
2020-06-05,zrh_schmls,no2,15.96
2020-06-05,zrh_schmls,o3_max_h,85.16
2020-06-05,zrh_schmls,pm10,8.61
2020-06-05,zrh_stmpf,kbi,1
2020-06-05,zrh_stmpf,kbi_no2,1
2020-06-05,zrh_stmpf,kbi_o3,1
2020-06-05,zrh_stmpf,kbi_pm10,1
2020-06-05,zrh_stmpf,no2,8.86
2020-06-05,zrh_stmpf,o3_max_h,81.2
2020-06-05,zrh_stmpf,p,952.62
2020-06-05,zrh_stmpf,pm10,8.9
2020-06-05,zrh_stmpf,t,13.95
2020-06-06,zrh_heub,no2,2.17
2020-06-06,zrh_heub,o3_max_h,51.23
2020-06-06,zrh_rsgrt,kbi,1
2020-06-06,zrh_rsgrt,kbi_no2,1
2020-06-06,zrh_rsgrt,kbi_o3,1
2020-06-06,zrh_rsgrt,kbi_pm10,1
2020-06-06,zrh_rsgrt,no2,16.07
2020-06-06,zrh_rsgrt,o3_max_h,41.95
2020-06-06,zrh_rsgrt,pm10,7.85
2020-06-06,zrh_schmls,kbi,1
2020-06-06,zrh_schmls,kbi_no2,1
2020-06-06,zrh_schmls,kbi_o3,1
2020-06-06,zrh_schmls,kbi_pm10,1
2020-06-06,zrh_schmls,no2,12.89
2020-06-06,zrh_schmls,o3_max_h,48.25
2020-06-06,zrh_schmls,pm10,6.05
2020-06-06,zrh_stmpf,kbi,1
2020-06-06,zrh_stmpf,kbi_no2,1
2020-06-06,zrh_stmpf,kbi_o3,1
2020-06-06,zrh_stmpf,kbi_pm10,1
2020-06-06,zrh_stmpf,no2,5.29
2020-06-06,zrh_stmpf,o3_max_h,49.59
2020-06-06,zrh_stmpf,p,955.59
2020-06-06,zrh_stmpf,pm10,5.85
2020-06-06,zrh_stmpf,t,16.6
2020-06-07,zrh_heub,no2,2.36
2020-06-07,zrh_heub,o3_max_h,69.92
2020-06-07,zrh_rsgrt,kbi,1
2020-06-07,zrh_rsgrt,kbi_no2,1
2020-06-07,zrh_rsgrt,kbi_o3,1
2020-06-07,zrh_rsgrt,kbi_pm10,1
2020-06-07,zrh_rsgrt,no2,21.89
2020-06-07,zrh_rsgrt,o3_max_h,55.41
2020-06-07,zrh_rsgrt,pm10,7.46
2020-06-07,zrh_schmls,kbi,1
2020-06-07,zrh_schmls,kbi_no2,1
2020-06-07,zrh_schmls,kbi_o3,1
2020-06-07,zrh_schmls,kbi_pm10,1
2020-06-07,zrh_schmls,no2,12.14
2020-06-07,zrh_schmls,o3_max_h,66.89
2020-06-07,zrh_schmls,pm10,5.19
2020-06-07,zrh_stmpf,kbi,1
2020-06-07,zrh_stmpf,kbi_no2,1
2020-06-07,zrh_stmpf,kbi_o3,1
2020-06-07,zrh_stmpf,kbi_pm10,1
2020-06-07,zrh_stmpf,no2,7.53
2020-06-07,zrh_stmpf,o3_max_h,68.09
2020-06-07,zrh_stmpf,p,959.63
2020-06-07,zrh_stmpf,pm10,5.19
2020-06-07,zrh_stmpf,t,12.64
2020-06-08,zrh_heub,no2,3.94
2020-06-08,zrh_heub,o3_max_h,96.45
2020-06-08,zrh_rsgrt,kbi,1
2020-06-08,zrh_rsgrt,kbi_no2,1
2020-06-08,zrh_rsgrt,kbi_o3,1
2020-06-08,zrh_rsgrt,kbi_pm10,1
2020-06-08,zrh_rsgrt,no2,22.08
2020-06-08,zrh_rsgrt,o3_max_h,85.76
2020-06-08,zrh_rsgrt,pm10,10.43
2020-06-08,zrh_schmls,kbi,1
2020-06-08,zrh_schmls,kbi_no2,1
2020-06-08,zrh_schmls,kbi_o3,1
2020-06-08,zrh_schmls,kbi_pm10,1
2020-06-08,zrh_schmls,no2,23
2020-06-08,zrh_schmls,o3_max_h,85.74
2020-06-08,zrh_schmls,pm10,9.02
2020-06-08,zrh_stmpf,kbi,1
2020-06-08,zrh_stmpf,kbi_no2,1
2020-06-08,zrh_stmpf,kbi_o3,1
2020-06-08,zrh_stmpf,kbi_pm10,1
2020-06-08,zrh_stmpf,no2,16.66
2020-06-08,zrh_stmpf,o3_max_h,82.86
2020-06-08,zrh_stmpf,p,961.34
2020-06-08,zrh_stmpf,pm10,8.21
2020-06-08,zrh_stmpf,t,14.93
2020-06-09,zrh_heub,no2,6.27
2020-06-09,zrh_heub,o3_max_h,70.97
2020-06-09,zrh_rsgrt,kbi,1
2020-06-09,zrh_rsgrt,kbi_no2,1
2020-06-09,zrh_rsgrt,kbi_o3,1
2020-06-09,zrh_rsgrt,kbi_pm10,1
2020-06-09,zrh_rsgrt,no2,27.88
2020-06-09,zrh_rsgrt,o3_max_h,56.84
2020-06-09,zrh_rsgrt,pm10,11.3
2020-06-09,zrh_schmls,kbi,1
2020-06-09,zrh_schmls,kbi_no2,1
2020-06-09,zrh_schmls,kbi_o3,1
2020-06-09,zrh_schmls,kbi_pm10,1
2020-06-09,zrh_schmls,no2,32.79
2020-06-09,zrh_schmls,o3_max_h,66.13
2020-06-09,zrh_schmls,pm10,11.73
2020-06-09,zrh_stmpf,kbi,1
2020-06-09,zrh_stmpf,kbi_no2,1
2020-06-09,zrh_stmpf,kbi_o3,1
2020-06-09,zrh_stmpf,kbi_pm10,1
2020-06-09,zrh_stmpf,no2,20.96
2020-06-09,zrh_stmpf,o3_max_h,63.45
2020-06-09,zrh_stmpf,p,962.51
2020-06-09,zrh_stmpf,pm10,9.82
2020-06-09,zrh_stmpf,t,13.55
2020-06-10,zrh_heub,no2,7.53
2020-06-10,zrh_heub,o3_max_h,70.3
2020-06-10,zrh_rsgrt,kbi,1
2020-06-10,zrh_rsgrt,kbi_no2,1
2020-06-10,zrh_rsgrt,kbi_o3,1
2020-06-10,zrh_rsgrt,kbi_pm10,1
2020-06-10,zrh_rsgrt,no2,32.7
2020-06-10,zrh_rsgrt,o3_max_h,56.4
2020-06-10,zrh_rsgrt,pm10,14.36
2020-06-10,zrh_schmls,kbi,1
2020-06-10,zrh_schmls,kbi_no2,1
2020-06-10,zrh_schmls,kbi_o3,1
2020-06-10,zrh_schmls,kbi_pm10,1
2020-06-10,zrh_schmls,no2,30.89
2020-06-10,zrh_schmls,o3_max_h,68.26
2020-06-10,zrh_schmls,pm10,13.59
2020-06-10,zrh_stmpf,kbi,1
2020-06-10,zrh_stmpf,kbi_no2,1
2020-06-10,zrh_stmpf,kbi_o3,1
2020-06-10,zrh_stmpf,kbi_pm10,1
2020-06-10,zrh_stmpf,no2,20.43
2020-06-10,zrh_stmpf,o3_max_h,65.81
2020-06-10,zrh_stmpf,p,961.95
2020-06-10,zrh_stmpf,pm10,12.41
2020-06-10,zrh_stmpf,t,14.06
2020-06-11,zrh_heub,no2,5.24
2020-06-11,zrh_heub,o3_max_h,100.99
2020-06-11,zrh_rsgrt,kbi,1
2020-06-11,zrh_rsgrt,kbi_no2,1
2020-06-11,zrh_rsgrt,kbi_o3,1
2020-06-11,zrh_rsgrt,kbi_pm10,1
2020-06-11,zrh_rsgrt,no2,31.07
2020-06-11,zrh_rsgrt,o3_max_h,84.71
2020-06-11,zrh_rsgrt,pm10,12.33
2020-06-11,zrh_schmls,kbi,1
2020-06-11,zrh_schmls,kbi_no2,1
2020-06-11,zrh_schmls,kbi_o3,1
2020-06-11,zrh_schmls,kbi_pm10,1
2020-06-11,zrh_schmls,no2,28.8
2020-06-11,zrh_schmls,o3_max_h,82.06
2020-06-11,zrh_schmls,pm10,10.85
2020-06-11,zrh_stmpf,kbi_no2,1
2020-06-11,zrh_stmpf,kbi_pm10,1
2020-06-11,zrh_stmpf,no2,19.59
2020-06-11,zrh_stmpf,p,958.76
2020-06-11,zrh_stmpf,pm10,10.32
2020-06-11,zrh_stmpf,t,15.74
2020-06-12,zrh_heub,no2,4.92
2020-06-12,zrh_heub,o3_max_h,108.66
2020-06-12,zrh_rsgrt,kbi,2
2020-06-12,zrh_rsgrt,kbi_no2,1
2020-06-12,zrh_rsgrt,kbi_o3,2
2020-06-12,zrh_rsgrt,kbi_pm10,1
2020-06-12,zrh_rsgrt,no2,31.3
2020-06-12,zrh_rsgrt,o3_max_h,90.23
2020-06-12,zrh_rsgrt,pm10,13.28
2020-06-12,zrh_schmls,kbi,1
2020-06-12,zrh_schmls,kbi_no2,1
2020-06-12,zrh_schmls,kbi_o3,1
2020-06-12,zrh_schmls,kbi_pm10,1
2020-06-12,zrh_schmls,no2,27.52
2020-06-12,zrh_schmls,o3_max_h,87.95
2020-06-12,zrh_schmls,pm10,11.34
2020-06-12,zrh_stmpf,kbi,2
2020-06-12,zrh_stmpf,kbi_no2,1
2020-06-12,zrh_stmpf,kbi_o3,2
2020-06-12,zrh_stmpf,kbi_pm10,1
2020-06-12,zrh_stmpf,no2,16.99
2020-06-12,zrh_stmpf,o3_max_h,92.85
2020-06-12,zrh_stmpf,p,955.87
2020-06-12,zrh_stmpf,pm10,9.98
2020-06-12,zrh_stmpf,t,20.15
2020-06-13,zrh_heub,no2,2.36
2020-06-13,zrh_heub,o3_max_h,108.58
2020-06-13,zrh_rsgrt,kbi,2
2020-06-13,zrh_rsgrt,kbi_no2,1
2020-06-13,zrh_rsgrt,kbi_o3,2
2020-06-13,zrh_rsgrt,kbi_pm10,1
2020-06-13,zrh_rsgrt,no2,20.26
2020-06-13,zrh_rsgrt,o3_max_h,94.7
2020-06-13,zrh_rsgrt,pm10,10.39
2020-06-13,zrh_schmls,kbi,2
2020-06-13,zrh_schmls,kbi_no2,1
2020-06-13,zrh_schmls,kbi_o3,2
2020-06-13,zrh_schmls,kbi_pm10,1
2020-06-13,zrh_schmls,no2,16.98
2020-06-13,zrh_schmls,o3_max_h,98.48
2020-06-13,zrh_schmls,pm10,9.28
2020-06-13,zrh_stmpf,kbi,2
2020-06-13,zrh_stmpf,kbi_no2,1
2020-06-13,zrh_stmpf,kbi_o3,2
2020-06-13,zrh_stmpf,kbi_pm10,1
2020-06-13,zrh_stmpf,no2,8.59
2020-06-13,zrh_stmpf,o3_max_h,97.28
2020-06-13,zrh_stmpf,p,961.51
2020-06-13,zrh_stmpf,pm10,8.62
2020-06-13,zrh_stmpf,t,18.54
2020-06-14,zrh_heub,no2,2.63
2020-06-14,zrh_heub,o3_max_h,75.43
2020-06-14,zrh_rsgrt,kbi,1
2020-06-14,zrh_rsgrt,kbi_no2,1
2020-06-14,zrh_rsgrt,kbi_o3,1
2020-06-14,zrh_rsgrt,kbi_pm10,1
2020-06-14,zrh_rsgrt,no2,22.63
2020-06-14,zrh_rsgrt,o3_max_h,64.56
2020-06-14,zrh_rsgrt,pm10,8.38
2020-06-14,zrh_schmls,kbi,1
2020-06-14,zrh_schmls,kbi_no2,1
2020-06-14,zrh_schmls,kbi_o3,1
2020-06-14,zrh_schmls,kbi_pm10,1
2020-06-14,zrh_schmls,no2,9.4
2020-06-14,zrh_schmls,o3_max_h,71.21
2020-06-14,zrh_schmls,pm10,6.36
2020-06-14,zrh_stmpf,kbi,1
2020-06-14,zrh_stmpf,kbi_no2,1
2020-06-14,zrh_stmpf,kbi_o3,1
2020-06-14,zrh_stmpf,kbi_pm10,1
2020-06-14,zrh_stmpf,no2,6.57
2020-06-14,zrh_stmpf,o3_max_h,71.2
2020-06-14,zrh_stmpf,p,966.83
2020-06-14,zrh_stmpf,pm10,6.35
2020-06-14,zrh_stmpf,t,15
2020-06-15,zrh_heub,no2,6.03
2020-06-15,zrh_heub,o3_max_h,82.77
2020-06-15,zrh_rsgrt,kbi,1
2020-06-15,zrh_rsgrt,kbi_no2,1
2020-06-15,zrh_rsgrt,kbi_o3,1
2020-06-15,zrh_rsgrt,kbi_pm10,1
2020-06-15,zrh_rsgrt,no2,33.55
2020-06-15,zrh_rsgrt,o3_max_h,57.15
2020-06-15,zrh_rsgrt,pm10,12.18
2020-06-15,zrh_schmls,kbi,1
2020-06-15,zrh_schmls,kbi_no2,1
2020-06-15,zrh_schmls,kbi_o3,1
2020-06-15,zrh_schmls,kbi_pm10,1
2020-06-15,zrh_schmls,no2,22.08
2020-06-15,zrh_schmls,o3_max_h,70.12
2020-06-15,zrh_schmls,pm10,10.22
2020-06-15,zrh_stmpf,kbi,1
2020-06-15,zrh_stmpf,kbi_no2,1
2020-06-15,zrh_stmpf,kbi_o3,1
2020-06-15,zrh_stmpf,kbi_pm10,1
2020-06-15,zrh_stmpf,no2,14.98
2020-06-15,zrh_stmpf,o3_max_h,75.19
2020-06-15,zrh_stmpf,p,967.87
2020-06-15,zrh_stmpf,pm10,10.05
2020-06-15,zrh_stmpf,t,17.67
